"schema_name","table_name","approx_rows","column_count"
"dbo","_InfoRg2567",19791206,9
"dbo","_AccRgED4729",8363806,10
"dbo","_AccumRg3336",7236853,24
"dbo","_AccumRgT3353",6490567,18
"dbo","_Document150",3012966,42
"dbo","_AccRgAT14723",2531090,17
"dbo","_AccRgAT24724",2319670,20
"dbo","_Seq3373",2238889,5
"dbo","_AccRg4711",1656572,56
"dbo","_DocumentJournal1621",1177049,16
"dbo","_AccumRgT9354",1080868,7
"dbo","_Task5075",954473,36
"dbo","_AccRgAT54727",820520,30
"dbo","_AccumRg3305",767056,19
"dbo","_Document137_VT724",694117,40
"dbo","_InfoRg7388",613338,5
"dbo","_AccumRg3097",611195,22
"dbo","_AccumRgTn3258",584297,29
"dbo","_Document154_VT1162",550133,12
"dbo","_AccumRg3233",545386,32
"dbo","_Document154_VT1137",527391,40
"dbo","_Seq3370",498181,5
"dbo","_DocumentJournal1627",445381,11
"dbo","_Document154",426824,45
"dbo","_DocumentJournal1607",419246,26
"dbo","_AccumRg3086",418955,14
"dbo","_InfoRg2878",418089,7
"dbo","_AccRgAT44726",408034,27
"dbo","_Document152_VT1083",407725,16
"dbo","_Document152",405270,51
"dbo","_AccumRgTn3198",391118,9
"dbo","_AccumRgTn10168",389237,16
"dbo","_AccumRg10156",389127,19
"dbo","_AccumRg3191",388874,12
"dbo","_InfoRg2586",373636,7
"dbo","_AccumRgT3109",337817,18
"dbo","_Reference5060_VT8224",322759,7
"dbo","_InfoRg7361",308840,25
"dbo","_InfoRg10312",300159,9
"dbo","_AccumRgTn3176",295238,24
"dbo","_InfoRg2960",288824,8
"dbo","_AccumRg3158",271849,27
"dbo","_InfoRg2925",217781,9
"dbo","_InfoRg2972",215303,5
"dbo","_Document163_VT1497",211999,10
"dbo","_AccumRgT3318",196334,15
"dbo","_Document137",190204,62
"dbo","_AccumRgTn3142",181771,18
"dbo","_Document153_VT1098",179355,14
"dbo","_AccumRg3130",178739,20
"dbo","_InfoRg5233",153283,31
"dbo","_InfoRg5884",150643,4
"dbo","_Reference5060",150640,35
"dbo","_AccumRg9350",136383,11
"dbo","_SystemSettings",126160,11
"dbo","_Document163",116523,86
"dbo","_InfoRg3060",116523,28
"dbo","_InfoRgSF2966",114822,6
"dbo","_InfoRgSL2965",114822,6
"dbo","_InfoRgSF10319",114806,7
"dbo","_InfoRgSL10318",114806,7
"dbo","_InfoRg5843",112226,25
"dbo","_Reference64_VT3848",109120,19
"dbo","_Reference59",105524,23
"dbo","_SeqB3375",103796,6
"dbo","_Document135_VT664",102037,5
"dbo","_InfoRg3073",101987,7
"dbo","_AccumRgT3325",96690,10
"dbo","_InfoRg6767",83855,5
"dbo","_InfoRg7156",83799,24
"dbo","_Reference64_VT3862",76492,8
"dbo","_Document153_VT1107",74659,13
"dbo","_Document130_VT506",74278,9
"dbo","_Reference64",72586,69
"dbo","_InfoRg5255",72427,23
"dbo","_UsersWorkHistory",70202,10
"dbo","_Document153",63476,15
"dbo","_Document138",55787,25
"dbo","_Document163_VT1503",43405,7
"dbo","_Reference115",42490,44
"dbo","_InfoRg7268",42199,7
"dbo","_Reference65",41309,33
"dbo","_InfoRg6941",40777,6
"dbo","_Reference46",37676,33
"dbo","_InfoRg3018",32781,13
"dbo","_InfoRg5199",28460,31
"dbo","_Document9230",27035,49
"dbo","_AccumRgTn3217",26882,22
"dbo","_AccumRg3206",25914,25
"dbo","_InfoRg2985",25890,6
"dbo","_Document140",25674,14
"dbo","_InfoRg2188",23761,16
"dbo","_InfoRg5867",22400,27
"dbo","_Reference5056",22168,51
"dbo","_Reference31",21934,29
"dbo","_Reference5056_VT5293",21194,19
"dbo","_InfoRg2436",20127,6
"dbo","_Document130_VT511",19532,25
"dbo","_Document143",17694,29
"dbo","_InfoRg2798",17520,9
"dbo","_BPr333",15655,27
"dbo","Config",15149,7
"dbo","_InfoRg8523",14570,23
"dbo","_Document158_VT1305",13975,14
"dbo","_Document158",13974,49
"dbo","_InfoRg9474",13343,13
"dbo","_Document151_VT1021",11380,15
"dbo","_Document135",10848,11
"dbo","_Task335",10723,62
"dbo","_InfoRg5226",10601,11
"dbo","_InfoRg9125",10251,6
"dbo","_InfoRg2332",8975,33
"dbo","_Document139_VT789",8150,17
"dbo","_InfoRg2123",7216,9
"dbo","_Reference70_VT3971",6731,5
"dbo","_InfoRg2722",6568,5
"dbo","_Reference70",5740,9
"dbo","_InfoRg2203",5591,6
"dbo","_InfoRg3001",5075,10
"dbo","_Document145_VT911",4624,13
"dbo","_Document148_VT967",4540,9
"dbo","_Document129",4497,30
"dbo","_CommonSettings",4117,11
"dbo","_Document9540_VT9556",4018,7
"dbo","_InfoRg2928",3953,5
"dbo","_InfoRg2457",3891,11
"dbo","_AccumRgT3095",3736,9
"dbo","_InfoRg7278",3675,31
"dbo","_InfoRg2944",3650,16
"dbo","_Document126",3633,23
"dbo","_Document126_VT347",3633,13
"dbo","_InfoRg2955",3597,5
"dbo","_AccumRg3276",3239,9
"dbo","_Document160_VT1344",3207,13
"dbo","_Document9540",3118,22
"dbo","_InfoRg2804",2806,8
"dbo","_InfoRg4928",2795,11
"dbo","_Document151",2727,23
"dbo","_AccumRg3319",2715,14
"dbo","_Reference5056_VT9430",2563,8
"dbo","_Document135_VT667",2542,6
"dbo","_InfoRg2376",2191,6
"dbo","_InfoRg2630",2014,13
"dbo","_Document131_VT553",1931,39
"dbo","_Document145",1926,20
"dbo","_Reference61",1911,20
"dbo","_Document131",1855,32
"dbo","_AccRgAT04716",1758,14
"dbo","_InfoRg2209",1746,9
"dbo","_Reference72",1664,173
"dbo","_Document130",1514,13
"dbo","_Reference52",1513,17
"dbo","_AccRgCT4728",1289,9
"dbo","_Document148",1113,21
"dbo","_InfoRg2083",1019,18
"dbo","_Reference99_VT4459",886,5
"dbo","_Reference80_VT4250",854,6
"dbo","_InfoRg9345",842,4
"dbo","_InfoRg6876",791,10
"dbo","_InfoRg6947",725,10
"dbo","_InfoRg5211",698,25
"dbo","_AccumRgT7431",650,9
"dbo","_InfoRg2729",641,8
"dbo","_Reference95_VT4375",630,8
"dbo","_Reference124",495,9
"dbo","_Reference57_VT3738",495,12
"dbo","_Reference63",468,13
"dbo","_Reference99_VT4442",459,6
"dbo","_Reference29",407,35
"dbo","_Reference78",381,9
"dbo","_Reference67",373,33
"dbo","_BPr325",368,23
"dbo","_Reference99",364,49
"dbo","_InfoRg2812",361,32
"dbo","_InfoRg2991",317,3
"dbo","_InfoRg2176",298,9
"dbo","ConfigCAS",290,7
"dbo","_Reference72_VT4121",267,10
"dbo","_Document160",259,18
"dbo","_InfoRg7126",258,4
"dbo","_Reference104",251,14
"dbo","_Reference6124",245,17
"dbo","_Reference6124_VT7618",225,6
"dbo","_Document159_VT1330",220,8
"dbo","_Reference60_VT3779",219,7
"dbo","_Document159",208,18
"dbo","_Document130_VT488",207,15
"dbo","_InfoRg2838",203,4
"dbo","_Document136",198,12
"dbo","_InfoRg6888",182,17
"dbo","_Reference29_VT8049",176,13
"dbo","_Reference90",176,9
"dbo","_Reference57",175,10
"dbo","_AccumRgTn3281",174,7
"dbo","_Document162_VT1405",173,39
"dbo","_Document131_VT578",171,12
"dbo","_InfoRg2170",168,4
"dbo","_Reference50",153,15
"dbo","_Document154_VT1181",149,16
"dbo","_Enum210",146,2
"dbo","_Document138_VT776",139,8
"dbo","_InfoRg2393",130,5
"dbo","_AccumRgT3335",125,11
"dbo","_InfoRg2823",121,4
"dbo","_AccumRg3326",119,15
"dbo","_AccRgAT34725",116,23
"dbo","v8users",107,11
"dbo","_Chrc321",99,14
"dbo","_Reference72_VT4113",93,7
"dbo","_InfoRg2044",92,24
"dbo","_Reference95",92,39
"dbo","_Document139",90,18
"dbo","_Reference80",90,28
"dbo","_InfoRg2967",86,8
"dbo","_Reference25",80,13
"dbo","_Chrc4927",74,10
"dbo","_InfoRg7298",69,9
"dbo","_InternalSettings",69,11
"dbo","_Reference9229_VT9388",68,12
"dbo","_Reference9229_VT9398",68,5
"dbo","_Reference99_VT4446",68,18
"dbo","Files",66,7
"dbo","_InfoRg2219",63,12
"dbo","_Enum5069",61,2
"dbo","_Reference5061_VT8275",61,38
"dbo","_Reference95_VT4381",61,8
"dbo","_Enum189",57,2
"dbo","_InfoRg7036",57,5
"dbo","_Reference91",56,14
"dbo","_Reference9229_VT9372",54,20
"dbo","_Enum169",52,2
"dbo","_Enum274",52,2
"dbo","_Reference41_VT3588",49,8
"dbo","_Reference92",49,18
"dbo","_Chrc322",48,13
"dbo","_Reference101",45,11
"dbo","_Reference29_VT3447",44,7
"dbo","_Reference42",44,13
"dbo","_Enum278",43,2
"dbo","_Reference5061",43,60
"dbo","_InfoRg6704",42,8
"dbo","_Reference105_VT4514",40,8
"dbo","_Reference37",40,30
"dbo","_AccumRgAggDims",39,3
"dbo","_AccumRgT3297",39,9
"dbo","_Document6140_VT6320",39,6
"dbo","_Reference89",39,13
"dbo","_AccumRgT3304",38,7
"dbo","_Document6140_VT6324",37,25
"dbo","_Acc22_ExtDim4708",36,8
"dbo","_Reference88",36,9
"dbo","_InfoRg2093",34,5
"dbo","_Reference122",34,22
"dbo","_Document162",33,12
"dbo","_Reference95_VT5478",33,6
"dbo","_InfoRg10432",32,14
"dbo","_Reference60",31,32
"dbo","_Enum6149",29,2
"dbo","_Reference105_VT4494",29,5
"dbo","_Reference58",29,7
"dbo","_Reference108_VT4538",28,7
"dbo","_Reference49_VT3698",28,5
"dbo","_Reference9228_VT9359",28,5
"dbo","Params",28,7
"dbo","_Acc22",27,12
"dbo","_Enum220",27,2
"dbo","_InfoRg6963",27,3
"dbo","_BPrPoints334",26,2
"dbo","_Document143_VT889",26,5
"dbo","_Reference121_VT4684",26,8
"dbo","_Reference5059",26,7
"dbo","_Enum6141",25,2
"dbo","_Reference29_VT3450",25,7
"dbo","_Chrc323",24,10
"dbo","_Enum8342",24,2
"dbo","_Reference108",24,15
"dbo","_Reference83",24,30
"dbo","_Enum8897",23,2
"dbo","_Enum8349",22,2
"dbo","_Reference24",22,16
"dbo","_Reference125",21,26
"dbo","_Reference93",21,14
"dbo","_Document6140",20,44
"dbo","_DocumentJournal6357",20,12
"dbo","_InfoRg6748",20,3
"dbo","_Reference44",20,18
"dbo","_Reference5061_VT8299",20,15
"dbo","_Enum231",19,2
"dbo","_Reference103",19,10
"dbo","_Reference53",19,21
"dbo","_Reference60_VT8854",19,6
"dbo","_BPr329",18,35
"dbo","_Node9069_VT9105",18,5
"dbo","_Reference5062",18,10
"dbo","_Reference6134_VT7752",18,5
"dbo","_BPrPoints332",17,2
"dbo","_Reference48",17,8
"dbo","_Reference6112",17,13
"dbo","_AccumRg7425",16,13
"dbo","_BPrPoints330",16,2
"dbo","_Reference68",16,8
"dbo","_InfoRg2640",15,4
"dbo","_Reference102",15,12
"dbo","_Reference118_VT4632",15,5
"dbo","_Reference8341",15,11
"dbo","_BPrPoints328",14,2
"dbo","_Enum277",14,2
"dbo","_Enum299",14,2
"dbo","_Enum313",14,2
"dbo","_Enum4925",14,2
"dbo","_Enum6177",14,2
"dbo","_Enum223",13,2
"dbo","_Enum296",13,2
"dbo","_InfoRg9729",13,31
"dbo","_Reference49",13,24
"dbo","_Chrc320",12,8
"dbo","_Enum6159",12,2
"dbo","_Reference118_VT4635",12,8
"dbo","_Reference49_VT3687",12,12
"dbo","_Enum201",11,2
"dbo","_Enum286",11,2
"dbo","_Reference26",11,16
"dbo","_Reference41_VT6093",11,6
"dbo","_Reference64_VT3844",11,12
"dbo","_Reference87",11,11
"dbo","_Reference9461",11,8
"dbo","_Reference96",11,12
"dbo","_Enum192",10,2
"dbo","_Enum283",10,2
"dbo","_Enum290",10,2
"dbo","_Enum315",10,2
"dbo","_Enum5066",10,2
"dbo","_Enum9071",10,2
"dbo","_InfoRg10141",10,9
"dbo","_Reference105_VT4497",10,18
"dbo","_Reference36",10,8
"dbo","_Reference69_VT3957",10,16
"dbo","_Enum216",9,2
"dbo","_Enum219",9,2
"dbo","_Enum6145",9,2
"dbo","_Enum6160",9,2
"dbo","_Enum9073",9,2
"dbo","_Reference118",9,10
"dbo","_Reference34",9,10
"dbo","_Chrc6179",8,23
"dbo","_Enum190",8,2
"dbo","_Enum206",8,2
"dbo","_Enum212",8,2
"dbo","_Enum236",8,2
"dbo","_Enum268",8,2
"dbo","_Enum5070",8,2
"dbo","_Enum5833",8,2
"dbo","_Enum5834",8,2
"dbo","_Enum6167",8,2
"dbo","_Enum6173",8,2
"dbo","_Enum9074",8,2
"dbo","_Enum9462",8,2
"dbo","_FrmDtSettings",8,11
"dbo","_InfoRg9762",8,9
"dbo","_Reference5058",8,7
"dbo","_Reference69",8,12
"dbo","_BPrPoints326",7,2
"dbo","_Enum181",7,2
"dbo","_Enum182",7,2
"dbo","_Enum186",7,2
"dbo","_Enum198",7,2
"dbo","_Enum204",7,2
"dbo","_Enum221",7,2
"dbo","_Enum295",7,2
"dbo","_Enum5073",7,2
"dbo","_Enum5832",7,2
"dbo","_Enum6148",7,2
"dbo","_Enum8345",7,2
"dbo","_Enum9072",7,2
"dbo","_InfoRg5859",7,7
"dbo","_Reference105",7,44
"dbo","_Reference121",7,15
"dbo","_Reference41",7,40
"dbo","_Reference6110",7,15
"dbo","_Enum167",6,2
"dbo","_Enum188",6,2
"dbo","_Enum207",6,2
"dbo","_Enum228",6,2
"dbo","_Enum239",6,2
"dbo","_Enum242",6,2
"dbo","_Enum245",6,2
"dbo","_Enum257",6,2
"dbo","_Enum258",6,2
"dbo","_Enum262",6,2
"dbo","_Enum289",6,2
"dbo","_Enum301",6,2
"dbo","_Enum305",6,2
"dbo","_Enum307",6,2
"dbo","_Enum317",6,2
"dbo","_Enum6155",6,2
"dbo","_Enum6166",6,2
"dbo","_Enum6168",6,2
"dbo","_Enum6170",6,2
"dbo","_Enum9070",6,2
"dbo","_ExtensionsInfo",6,12
"dbo","_InfoRg2526",6,10
"dbo","_InfoRg2670",6,5
"dbo","_InfoRg7072",6,2
"dbo","_Node20",6,11
"dbo","_Reference46_VT3635",6,8
"dbo","_SeqB3372",6,6
"dbo","_Document165",5,37
"dbo","_Document165_VT1595",5,10
"dbo","_DocumentJournal1632",5,23
"dbo","_Enum175",5,2
"dbo","_Enum180",5,2
"dbo","_Enum199",5,2
"dbo","_Enum214",5,2
"dbo","_Enum215",5,2
"dbo","_Enum226",5,2
"dbo","_Enum244",5,2
"dbo","_Enum264",5,2
"dbo","_Enum271",5,2
"dbo","_Enum273",5,2
"dbo","_Enum284",5,2
"dbo","_Enum292",5,2
"dbo","_Enum312",5,2
"dbo","_Enum314",5,2
"dbo","_Enum4926",5,2
"dbo","_Enum5074",5,2
"dbo","_Enum6157",5,2
"dbo","_Enum6158",5,2
"dbo","_Enum6169",5,2
"dbo","_Enum6172",5,2
"dbo","_Enum8344",5,2
"dbo","_Enum9546",5,2
"dbo","_Enum9547",5,2
"dbo","_Reference100",5,8
"dbo","_Reference32",5,7
"dbo","_Reference6126",5,12
"dbo","_Reference62",5,9
"dbo","_Reference64_VT3871",5,5
"dbo","_Reference9227",5,8
"dbo","_Reference9228",5,8
"dbo","_Reference95_VT4393",5,7
"dbo","_Document6140_VT6341",4,12
"dbo","_Enum10285",4,2
"dbo","_Enum166",4,2
"dbo","_Enum173",4,2
"dbo","_Enum176",4,2
"dbo","_Enum178",4,2
"dbo","_Enum194",4,2
"dbo","_Enum197",4,2
"dbo","_Enum208",4,2
"dbo","_Enum217",4,2
"dbo","_Enum224",4,2
"dbo","_Enum232",4,2
"dbo","_Enum237",4,2
"dbo","_Enum238",4,2
"dbo","_Enum247",4,2
"dbo","_Enum248",4,2
"dbo","_Enum254",4,2
"dbo","_Enum255",4,2
"dbo","_Enum256",4,2
"dbo","_Enum266",4,2
"dbo","_Enum269",4,2
"dbo","_Enum280",4,2
"dbo","_Enum285",4,2
"dbo","_Enum293",4,2
"dbo","_Enum294",4,2
"dbo","_Enum297",4,2
"dbo","_Enum300",4,2
"dbo","_Enum302",4,2
"dbo","_Enum304",4,2
"dbo","_Enum308",4,2
"dbo","_Enum310",4,2
"dbo","_Enum5067",4,2
"dbo","_Enum5835",4,2
"dbo","_Enum6043",4,2
"dbo","_Enum6143",4,2
"dbo","_Enum6147",4,2
"dbo","_Enum6153",4,2
"dbo","_Enum6165",4,2
"dbo","_Enum6171",4,2
"dbo","_Enum6178",4,2
"dbo","_Enum8898",4,2
"dbo","_Enum9075",4,2
"dbo","_Enum9231",4,2
"dbo","_InfoRg10246",4,7
"dbo","_InfoRg2112",4,5
"dbo","_InfoRg7391",4,9
"dbo","_Reference10041",4,39
"dbo","_Reference26_VT3410",4,6
"dbo","_Reference5055",4,9
"dbo","_Reference5055_VT8086",4,5
"dbo","_Reference6113",4,15
"dbo","_Reference9229",4,16
"dbo","_AccumRgTn3118",3,11
"dbo","_Chrc324",3,7
"dbo","_DynListSettings",3,11
"dbo","_Enum10099",3,2
"dbo","_Enum10238",3,2
"dbo","_Enum10284",3,2
"dbo","_Enum168",3,2
"dbo","_Enum170",3,2
"dbo","_Enum171",3,2
"dbo","_Enum172",3,2
"dbo","_Enum174",3,2
"dbo","_Enum183",3,2
"dbo","_Enum184",3,2
"dbo","_Enum185",3,2
"dbo","_Enum187",3,2
"dbo","_Enum191",3,2
"dbo","_Enum200",3,2
"dbo","_Enum205",3,2
"dbo","_Enum222",3,2
"dbo","_Enum230",3,2
"dbo","_Enum241",3,2
"dbo","_Enum243",3,2
"dbo","_Enum250",3,2
"dbo","_Enum252",3,2
"dbo","_Enum253",3,2
"dbo","_Enum259",3,2
"dbo","_Enum265",3,2
"dbo","_Enum270",3,2
"dbo","_Enum275",3,2
"dbo","_Enum279",3,2
"dbo","_Enum288",3,2
"dbo","_Enum309",3,2
"dbo","_Enum318",3,2
"dbo","_Enum5068",3,2
"dbo","_Enum6142",3,2
"dbo","_Enum6146",3,2
"dbo","_Enum6150",3,2
"dbo","_Enum6151",3,2
"dbo","_Enum6152",3,2
"dbo","_Enum6154",3,2
"dbo","_Enum6156",3,2
"dbo","_Enum6161",3,2
"dbo","_Enum6164",3,2
"dbo","_Enum6174",3,2
"dbo","_Enum6175",3,2
"dbo","_Enum6176",3,2
"dbo","_Enum8343",3,2
"dbo","_Enum8346",3,2
"dbo","_Enum8347",3,2
"dbo","_Enum8896",3,2
"dbo","_Enum9541",3,2
"dbo","_Enum9542",3,2
"dbo","_Enum9543",3,2
"dbo","_InfoRg2307",3,4
"dbo","_Reference107",3,7
"dbo","_Reference30",3,10
"dbo","_Reference35",3,8
"dbo","_Reference82",3,9
"dbo","_AccumRg3111",2,14
"dbo","_Document128",2,18
"dbo","_Document147",2,26
"dbo","_Document161",2,18
"dbo","_Document161_VT1364",2,22
"dbo","_Enum177",2,2
"dbo","_Enum179",2,2
"dbo","_Enum193",2,2
"dbo","_Enum195",2,2
"dbo","_Enum196",2,2
"dbo","_Enum202",2,2
"dbo","_Enum203",2,2
"dbo","_Enum209",2,2
"dbo","_Enum211",2,2
"dbo","_Enum213",2,2
"dbo","_Enum218",2,2
"dbo","_Enum225",2,2
"dbo","_Enum227",2,2
"dbo","_Enum229",2,2
"dbo","_Enum233",2,2
"dbo","_Enum234",2,2
"dbo","_Enum235",2,2
"dbo","_Enum240",2,2
"dbo","_Enum246",2,2
"dbo","_Enum249",2,2
"dbo","_Enum251",2,2
"dbo","_Enum260",2,2
"dbo","_Enum261",2,2
"dbo","_Enum263",2,2
"dbo","_Enum267",2,2
"dbo","_Enum272",2,2
"dbo","_Enum276",2,2
"dbo","_Enum281",2,2
"dbo","_Enum282",2,2
"dbo","_Enum287",2,2
"dbo","_Enum298",2,2
"dbo","_Enum303",2,2
"dbo","_Enum306",2,2
"dbo","_Enum311",2,2
"dbo","_Enum316",2,2
"dbo","_Enum319",2,2
"dbo","_Enum5071",2,2
"dbo","_Enum5072",2,2
"dbo","_Enum5836",2,2
"dbo","_Enum6144",2,2
"dbo","_Enum6162",2,2
"dbo","_Enum6163",2,2
"dbo","_Enum8348",2,2
"dbo","_Enum8895",2,2
"dbo","_Enum9544",2,2
"dbo","_Enum9545",2,2
"dbo","_InfoRg6712",2,8
"dbo","_Reference10237",2,9
"dbo","_Reference111",2,9
"dbo","_Reference38",2,25
"dbo","_Reference6134",2,9
"dbo","_Reference6135",2,8
"dbo","_Reference73",2,42
"dbo","_Reference77",2,11
"dbo","_ScheduledJobs4878",2,16
"dbo","_AccRgOpt4730",1,10
"dbo","_AccSInf4710",1,2
"dbo","_AccumRg3290",1,14
"dbo","_AccumRg3299",1,11
"dbo","_AccumRgAggOptK10170",1,9
"dbo","_AccumRgAggOptK3121",1,9
"dbo","_AccumRgAggOptK3145",1,9
"dbo","_AccumRgAggOptK3178",1,9
"dbo","_AccumRgAggOptK3200",1,9
"dbo","_AccumRgAggOptK3220",1,9
"dbo","_AccumRgAggOptK3261",1,9
"dbo","_AccumRgAggOptK3284",1,9
"dbo","_AccumRgOpt10183",1,10
"dbo","_AccumRgOpt3354",1,10
"dbo","_AccumRgOpt3355",1,10
"dbo","_AccumRgOpt3356",1,10
"dbo","_AccumRgOpt3357",1,10
"dbo","_AccumRgOpt3358",1,10
"dbo","_AccumRgOpt3359",1,10
"dbo","_AccumRgOpt3360",1,10
"dbo","_AccumRgOpt3361",1,10
"dbo","_AccumRgOpt3362",1,10
"dbo","_AccumRgOpt3363",1,10
"dbo","_AccumRgOpt3364",1,10
"dbo","_AccumRgOpt3365",1,10
"dbo","_AccumRgOpt3366",1,10
"dbo","_AccumRgOpt3367",1,10
"dbo","_AccumRgOpt3368",1,10
"dbo","_AccumRgOpt3369",1,10
"dbo","_AccumRgOpt7455",1,10
"dbo","_AccumRgOpt7456",1,10
"dbo","_AccumRgOpt9356",1,10
"dbo","_BPr329_VT4785",1,5
"dbo","_ChrcSInf3376",1,2
"dbo","_ChrcSInf3389",1,2
"dbo","_ChrcSInf3391",1,2
"dbo","_ChrcSInf3392",1,1
"dbo","_ChrcSInf4934",1,2
"dbo","_ChrcSInf7470",1,2
"dbo","_Const10110",1,3
"dbo","_Const10113",1,3
"dbo","_Const10116",1,3
"dbo","_Const10119",1,3
"dbo","_Const10125",1,3
"dbo","_Const10240",1,3
"dbo","_Const10243",1,3
"dbo","_Const10286",1,3
"dbo","_Const10370",1,3
"dbo","_Const10426",1,3
"dbo","_Const10429",1,3
"dbo","_Const1705",1,2
"dbo","_Const1707",1,3
"dbo","_Const1709",1,2
"dbo","_Const1711",1,2
"dbo","_Const1713",1,2
"dbo","_Const1715",1,2
"dbo","_Const1719",1,2
"dbo","_Const1721",1,2
"dbo","_Const1723",1,3
"dbo","_Const1725",1,3
"dbo","_Const1727",1,2
"dbo","_Const1729",1,3
"dbo","_Const1731",1,3
"dbo","_Const1733",1,3
"dbo","_Const1735",1,4
"dbo","_Const1737",1,3
"dbo","_Const1739",1,3
"dbo","_Const1741",1,3
"dbo","_Const1743",1,3
"dbo","_Const1745",1,3
"dbo","_Const1747",1,2
"dbo","_Const1749",1,3
"dbo","_Const1751",1,3
"dbo","_Const1753",1,3
"dbo","_Const1755",1,2
"dbo","_Const1757",1,3
"dbo","_Const1759",1,3
"dbo","_Const1761",1,3
"dbo","_Const1763",1,3
"dbo","_Const1765",1,2
"dbo","_Const1767",1,3
"dbo","_Const1769",1,3
"dbo","_Const1789",1,3
"dbo","_Const1793",1,2
"dbo","_Const1795",1,3
"dbo","_Const1797",1,3
"dbo","_Const1799",1,3
"dbo","_Const1802",1,3
"dbo","_Const1804",1,2
"dbo","_Const1808",1,3
"dbo","_Const1810",1,3
"dbo","_Const1812",1,3
"dbo","_Const1814",1,2
"dbo","_Const1818",1,3
"dbo","_Const1820",1,2
"dbo","_Const1822",1,2
"dbo","_Const1825",1,2
"dbo","_Const1827",1,2
"dbo","_Const1829",1,2
"dbo","_Const1831",1,2
"dbo","_Const1835",1,3
"dbo","_Const1837",1,2
"dbo","_Const1839",1,3
"dbo","_Const1841",1,2
"dbo","_Const1843",1,3
"dbo","_Const1845",1,2
"dbo","_Const1847",1,2
"dbo","_Const1849",1,2
"dbo","_Const1851",1,2
"dbo","_Const1853",1,3
"dbo","_Const1855",1,2
"dbo","_Const1857",1,2
"dbo","_Const1859",1,2
"dbo","_Const1861",1,3
"dbo","_Const1863",1,3
"dbo","_Const1865",1,3
"dbo","_Const1867",1,2
"dbo","_Const1869",1,2
"dbo","_Const1871",1,2
"dbo","_Const1873",1,3
"dbo","_Const1875",1,3
"dbo","_Const1877",1,2
"dbo","_Const1879",1,2
"dbo","_Const1881",1,2
"dbo","_Const1883",1,3
"dbo","_Const1885",1,3
"dbo","_Const1888",1,2
"dbo","_Const1890",1,5
"dbo","_Const1892",1,3
"dbo","_Const1894",1,3
"dbo","_Const1896",1,3
"dbo","_Const1898",1,3
"dbo","_Const1900",1,3
"dbo","_Const1902",1,3
"dbo","_Const1904",1,3
"dbo","_Const1906",1,2
"dbo","_Const1908",1,3
"dbo","_Const1910",1,3
"dbo","_Const1912",1,3
"dbo","_Const1914",1,2
"dbo","_Const1916",1,2
"dbo","_Const1918",1,2
"dbo","_Const1920",1,3
"dbo","_Const1922",1,3
"dbo","_Const1924",1,2
"dbo","_Const1926",1,2
"dbo","_Const1928",1,3
"dbo","_Const1938",1,3
"dbo","_Const1940",1,3
"dbo","_Const1942",1,3
"dbo","_Const1944",1,3
"dbo","_Const1946",1,3
"dbo","_Const1948",1,4
"dbo","_Const1950",1,2
"dbo","_Const1952",1,2
"dbo","_Const1954",1,3
"dbo","_Const1956",1,3
"dbo","_Const1958",1,3
"dbo","_Const1960",1,3
"dbo","_Const1962",1,3
"dbo","_Const1964",1,3
"dbo","_Const1966",1,3
"dbo","_Const1968",1,2
"dbo","_Const1972",1,3
"dbo","_Const1974",1,3
"dbo","_Const1976",1,3
"dbo","_Const1980",1,3
"dbo","_Const1982",1,3
"dbo","_Const1984",1,3
"dbo","_Const1986",1,3
"dbo","_Const1988",1,3
"dbo","_Const1990",1,3
"dbo","_Const1992",1,2
"dbo","_Const1994",1,2
"dbo","_Const1996",1,3
"dbo","_Const1998",1,3
"dbo","_Const2000",1,2
"dbo","_Const2002",1,2
"dbo","_Const2004",1,3
"dbo","_Const2006",1,2
"dbo","_Const2008",1,3
"dbo","_Const2010",1,2
"dbo","_Const2012",1,2
"dbo","_Const2014",1,3
"dbo","_Const2016",1,3
"dbo","_Const2018",1,3
"dbo","_Const2020",1,3
"dbo","_Const2022",1,3
"dbo","_Const2024",1,3
"dbo","_Const2026",1,3
"dbo","_Const2028",1,3
"dbo","_Const2030",1,3
"dbo","_Const2032",1,3
"dbo","_Const2034",1,3
"dbo","_Const2036",1,2
"dbo","_Const2038",1,3
"dbo","_Const2040",1,3
"dbo","_Const2042",1,2
"dbo","_Const5193",1,3
"dbo","_Const5195",1,3
"dbo","_Const5837",1,3
"dbo","_Const5839",1,3
"dbo","_Const5841",1,3
"dbo","_Const6044",1,3
"dbo","_Const6046",1,3
"dbo","_Const6376",1,3
"dbo","_Const6379",1,3
"dbo","_Const6382",1,2
"dbo","_Const6385",1,2
"dbo","_Const6388",1,3
"dbo","_Const6391",1,3
"dbo","_Const6394",1,2
"dbo","_Const6397",1,2
"dbo","_Const6400",1,2
"dbo","_Const6403",1,2
"dbo","_Const6407",1,3
"dbo","_Const6410",1,3
"dbo","_Const6413",1,3
"dbo","_Const6419",1,3
"dbo","_Const6421",1,3
"dbo","_Const6427",1,2
"dbo","_Const6437",1,3
"dbo","_Const6440",1,2
"dbo","_Const6444",1,3
"dbo","_Const6447",1,3
"dbo","_Const6449",1,3
"dbo","_Const6455",1,2
"dbo","_Const6458",1,2
"dbo","_Const6462",1,2
"dbo","_Const6465",1,3
"dbo","_Const6468",1,3
"dbo","_Const6471",1,3
"dbo","_Const6474",1,3
"dbo","_Const6477",1,3
"dbo","_Const6480",1,2
"dbo","_Const6483",1,2
"dbo","_Const6486",1,2
"dbo","_Const6489",1,2
"dbo","_Const6493",1,3
"dbo","_Const6495",1,3
"dbo","_Const6499",1,3
"dbo","_Const6502",1,2
"dbo","_Const6505",1,2
"dbo","_Const6509",1,3
"dbo","_Const6515",1,3
"dbo","_Const6518",1,2
"dbo","_Const6520",1,3
"dbo","_Const6523",1,3
"dbo","_Const6526",1,2
"dbo","_Const6529",1,3
"dbo","_Const6532",1,3
"dbo","_Const6534",1,3
"dbo","_Const6541",1,2
"dbo","_Const6544",1,2
"dbo","_Const6549",1,2
"dbo","_Const6553",1,2
"dbo","_Const6556",1,2
"dbo","_Const6559",1,2
"dbo","_Const6565",1,3
"dbo","_Const6571",1,2
"dbo","_Const6577",1,3
"dbo","_Const6580",1,2
"dbo","_Const6583",1,2
"dbo","_Const6587",1,3
"dbo","_Const6589",1,3
"dbo","_Const6591",1,3
"dbo","_Const6594",1,3
"dbo","_Const6597",1,2
"dbo","_Const6603",1,3
"dbo","_Const6605",1,2
"dbo","_Const6609",1,3
"dbo","_Const6611",1,3
"dbo","_Const6614",1,2
"dbo","_Const6618",1,3
"dbo","_Const6620",1,2
"dbo","_Const6623",1,3
"dbo","_Const6628",1,3
"dbo","_Const6630",1,3
"dbo","_Const6633",1,3
"dbo","_Const6639",1,2
"dbo","_Const6643",1,2
"dbo","_Const6646",1,3
"dbo","_Const6651",1,2
"dbo","_Const6654",1,3
"dbo","_Const6657",1,3
"dbo","_Const6665",1,3
"dbo","_Const6667",1,2
"dbo","_Const6670",1,3
"dbo","_Const6680",1,2
"dbo","_Const6684",1,2
"dbo","_Const6687",1,3
"dbo","_Const8400",1,3
"dbo","_Const8405",1,3
"dbo","_Const8409",1,2
"dbo","_Const8414",1,3
"dbo","_Const8426",1,3
"dbo","_Const8438",1,2
"dbo","_Const8453",1,3
"dbo","_Const8466",1,3
"dbo","_Const9109",1,3
"dbo","_Const9111",1,3
"dbo","_Const9266",1,3
"dbo","_Const9270",1,3
"dbo","_Const9463",1,3
"dbo","_Const9527",1,3
"dbo","_Const9601",1,3
"dbo","_Const9604",1,3
"dbo","_Const9607",1,2
"dbo","_Const9610",1,2
"dbo","_Const9613",1,3
"dbo","_Const9616",1,3
"dbo","_Const9620",1,2
"dbo","_Const9623",1,3
"dbo","_Const9627",1,2
"dbo","_Const9630",1,2
"dbo","_Const9633",1,3
"dbo","_Const9636",1,2
"dbo","_Const9639",1,2
"dbo","_Const9642",1,2
"dbo","_Const9645",1,2
"dbo","_Const9648",1,2
"dbo","_Const9651",1,2
"dbo","_Const9654",1,2
"dbo","_Const9657",1,3
"dbo","_Const9660",1,2
"dbo","_Const9663",1,3
"dbo","_Const9666",1,2
"dbo","_Const9669",1,3
"dbo","_Document127",1,18
"dbo","_Document127_VT364",1,21
"dbo","_Document128_VT412",1,6
"dbo","_Document130_VT454",1,18
"dbo","_Document133",1,12
"dbo","_Document133_VT626",1,9
"dbo","_Document134",1,21
"dbo","_Document141",1,16
"dbo","_Document141_VT825",1,21
"dbo","_Document141_VT838",1,19
"dbo","_Document158_VT1315",1,9
"dbo","_Document161_VT1384",1,11
"dbo","_InfoRg10128",1,3
"dbo","_InfoRg10151",1,4
"dbo","_InfoRg2139",1,9
"dbo","_InfoRg2160",1,11
"dbo","_InfoRg2258",1,4
"dbo","_InfoRg2412",1,5
"dbo","_InfoRg2844",1,10
"dbo","_InfoRg2892",1,7
"dbo","_InfoRg6833",1,7
"dbo","_InfoRg9787",1,4
"dbo","_InfoRgSL7964",1,5
"dbo","_Node18",1,10
"dbo","_Node21",1,16
"dbo","_Node6109",1,11
"dbo","_Node9069",1,41
"dbo","_Reference114",1,31
"dbo","_Reference116",1,16
"dbo","_Reference23",1,8
"dbo","_Reference28",1,15
"dbo","_Reference33",1,27
"dbo","_Reference43",1,7
"dbo","_Reference5057",1,12
"dbo","_Reference51",1,9
"dbo","_Reference55",1,8
"dbo","_Reference56",1,8
"dbo","_Reference5831",1,25
"dbo","_Reference6121",1,8
"dbo","_Reference6128",1,49
"dbo","_Reference66",1,30
"dbo","_Reference68_VT3944",1,7
"dbo","_Reference73_VT4162",1,18
"dbo","_Reference94",1,14
"dbo","_RefSInf3414",1,2
"dbo","_RefSInf3491",1,2
"dbo","_RefSInf3511",1,2
"dbo","_RefSInf3514",1,2
"dbo","_RefSInf3536",1,2
"dbo","_RefSInf3558",1,2
"dbo","_RefSInf3599",1,2
"dbo","_RefSInf3711",1,2
"dbo","_RefSInf3734",1,2
"dbo","_RefSInf3735",1,2
"dbo","_RefSInf3748",1,2
"dbo","_RefSInf3799",1,2
"dbo","_RefSInf3950",1,2
"dbo","_RefSInf3968",1,2
"dbo","_RefSInf4223",1,2
"dbo","_RefSInf4316",1,2
"dbo","_RefSInf4322",1,2
"dbo","_RefSInf4324",1,2
"dbo","_RefSInf4346",1,2
"dbo","_RefSInf4396",1,2
"dbo","_RefSInf4464",1,2
"dbo","_RefSInf4466",1,2
"dbo","_RefSInf4470",1,2
"dbo","_RefSInf4474",1,2
"dbo","_RefSInf4478",1,2
"dbo","_RefSInf4585",1,2
"dbo","_RefSInf4691",1,2
"dbo","_RefSInf5269",1,2
"dbo","_RefSInf5359",1,2
"dbo","_RefSInf7499",1,1
"dbo","_RefSInf7716",1,2
"dbo","_RefSInf7755",1,2
"dbo","_RefSInf8107",1,1
"dbo","_RefSInf8887",1,2
"dbo","_RefSInf9362",1,2
"dbo","_RefSInf9491",1,2
"dbo","_ScheduledJobs10228",1,16
"dbo","_ScheduledJobs10229",1,17
"dbo","_ScheduledJobs10492",1,17
"dbo","_ScheduledJobs4868",1,16
"dbo","_ScheduledJobs4870",1,16
"dbo","_ScheduledJobs4871",1,16
"dbo","_ScheduledJobs4875",1,16
"dbo","_ScheduledJobs4876",1,16
"dbo","_ScheduledJobs4877",1,16
"dbo","_ScheduledJobs4881",1,16
"dbo","_ScheduledJobs4882",1,16
"dbo","_ScheduledJobs4883",1,16
"dbo","_ScheduledJobs4884",1,16
"dbo","_ScheduledJobs4885",1,16
"dbo","_ScheduledJobs4887",1,16
"dbo","_ScheduledJobs4888",1,16
"dbo","_ScheduledJobs4889",1,16
"dbo","_ScheduledJobs4890",1,16
"dbo","_ScheduledJobs4891",1,16
"dbo","_ScheduledJobs4892",1,16
"dbo","_ScheduledJobs4893",1,16
"dbo","_ScheduledJobs4894",1,16
"dbo","_ScheduledJobs4895",1,16
"dbo","_ScheduledJobs4896",1,16
"dbo","_ScheduledJobs4897",1,16
"dbo","_ScheduledJobs4898",1,16
"dbo","_ScheduledJobs4899",1,16
"dbo","_ScheduledJobs4900",1,16
"dbo","_ScheduledJobs4902",1,16
"dbo","_ScheduledJobs4903",1,16
"dbo","_ScheduledJobs4904",1,16
"dbo","_ScheduledJobs4905",1,16
"dbo","_ScheduledJobs4907",1,16
"dbo","_ScheduledJobs4908",1,16
"dbo","_ScheduledJobs4909",1,16
"dbo","_ScheduledJobs4910",1,16
"dbo","_ScheduledJobs4911",1,16
"dbo","_ScheduledJobs4912",1,16
"dbo","_ScheduledJobs4913",1,16
"dbo","_ScheduledJobs4915",1,16
"dbo","_ScheduledJobs4916",1,16
"dbo","_ScheduledJobs4917",1,16
"dbo","_ScheduledJobs4918",1,16
"dbo","_ScheduledJobs5927",1,16
"dbo","_ScheduledJobs5928",1,16
"dbo","_ScheduledJobs7860",1,16
"dbo","_ScheduledJobs7861",1,16
"dbo","_ScheduledJobs7864",1,16
"dbo","_ScheduledJobs7866",1,16
"dbo","_ScheduledJobs7867",1,16
"dbo","_ScheduledJobs7868",1,16
"dbo","_ScheduledJobs7869",1,16
"dbo","_ScheduledJobs7870",1,16
"dbo","_ScheduledJobs7871",1,16
"dbo","_ScheduledJobs7873",1,16
"dbo","_ScheduledJobs7878",1,16
"dbo","_ScheduledJobs7879",1,16
"dbo","_ScheduledJobs7881",1,16
"dbo","_ScheduledJobs7882",1,16
"dbo","_ScheduledJobs8782",1,16
"dbo","_ScheduledJobs8926",1,16
"dbo","_ScheduledJobs9156",1,17
"dbo","_ScheduledJobs9509",1,16
"dbo","_ScheduledJobs9948",1,16
"dbo","_ScheduledJobs9949",1,16
"dbo","_ScheduledJobs9950",1,16
"dbo","_ScheduledJobs9951",1,16
"dbo","_ScheduledJobs9952",1,16
"dbo","_ScheduledJobs9953",1,16
"dbo","_ScheduledJobs9954",1,16
"dbo","_ScheduledJobs9957",1,16
"dbo","_ScheduledJobs9958",1,16
"dbo","_ScheduledJobs9959",1,16
"dbo","_ScheduledJobs9960",1,16
"dbo","_YearOffset",1,1
"dbo","DBSchema",1,1
"dbo","IBVersion",1,2
"dbo","SchemaStorage",1,5
"dbo","_AccChngR8755",0,5
"dbo","_AccOpt",0,3
"dbo","_AccRgChngR8756",0,6
"dbo","_AccumRg3080",0,13
"dbo","_AccumRg7432",0,12
"dbo","_AccumRgAggDict1h10171",0,3
"dbo","_AccumRgAggDict1h3122",0,3
"dbo","_AccumRgAggDict1h3146",0,3
"dbo","_AccumRgAggDict1h3179",0,3
"dbo","_AccumRgAggDict1h3201",0,5
"dbo","_AccumRgAggDict1h3221",0,3
"dbo","_AccumRgAggDict1h3262",0,3
"dbo","_AccumRgAggDict1h3285",0,3
"dbo","_AccumRgAggDict1h7447",0,3
"dbo","_AccumRgAggDict2h10172",0,5
"dbo","_AccumRgAggDict2h3123",0,3
"dbo","_AccumRgAggDict2h3147",0,5
"dbo","_AccumRgAggDict2h3180",0,3
"dbo","_AccumRgAggDict2h3202",0,3
"dbo","_AccumRgAggDict2h3222",0,3
"dbo","_AccumRgAggDict2h3263",0,5
"dbo","_AccumRgAggDict2h3286",0,3
"dbo","_AccumRgAggDict2h7448",0,3
"dbo","_AccumRgAggDict3h10173",0,3
"dbo","_AccumRgAggDict3h3124",0,3
"dbo","_AccumRgAggDict3h3148",0,3
"dbo","_AccumRgAggDict3h3181",0,3
"dbo","_AccumRgAggDict3h3223",0,3
"dbo","_AccumRgAggDict3h3264",0,3
"dbo","_AccumRgAggDict3h7449",0,3
"dbo","_AccumRgAggDict4h10174",0,3
"dbo","_AccumRgAggDict4h3125",0,3
"dbo","_AccumRgAggDict4h3149",0,3
"dbo","_AccumRgAggDict4h3182",0,5
"dbo","_AccumRgAggDict4h3224",0,3
"dbo","_AccumRgAggDict4h3265",0,3
"dbo","_AccumRgAggDict4h7450",0,3
"dbo","_AccumRgAggDict5h10175",0,3
"dbo","_AccumRgAggDict5h3126",0,5
"dbo","_AccumRgAggDict5h3150",0,3
"dbo","_AccumRgAggDict5h3183",0,3
"dbo","_AccumRgAggDict5h3225",0,5
"dbo","_AccumRgAggDict5h3266",0,3
"dbo","_AccumRgAggDict5h7451",0,3
"dbo","_AccumRgAggDict6h10176",0,3
"dbo","_AccumRgAggDict6h3151",0,3
"dbo","_AccumRgAggDict6h3184",0,3
"dbo","_AccumRgAggDict6h3226",0,3
"dbo","_AccumRgAggDict6h3267",0,3
"dbo","_AccumRgAggDict7h10177",0,3
"dbo","_AccumRgAggDict7h3152",0,5
"dbo","_AccumRgAggDict7h3185",0,3
"dbo","_AccumRgAggDict7h3227",0,3
"dbo","_AccumRgAggDict7h3268",0,5
"dbo","_AccumRgAggDict8h10178",0,5
"dbo","_AccumRgAggDict8h3153",0,3
"dbo","_AccumRgAggDict8h3186",0,5
"dbo","_AccumRgAggDict8h3228",0,3
"dbo","_AccumRgAggDict8h3269",0,3
"dbo","_AccumRgAggDict9h3154",0,3
"dbo","_AccumRgAggDict9h3187",0,5
"dbo","_AccumRgAggDict9h3229",0,3
"dbo","_AccumRgAggDict9h3270",0,5
"dbo","_AccumRgAggDictah3271",0,3
"dbo","_AccumRgAggDictah5973",0,3
"dbo","_AccumRgAggDictah8021",0,5
"dbo","_AccumRgAggDictbh3272",0,3
"dbo","_AccumRgAggDictbh8016",0,3
"dbo","_AccumRgAggDictbh8022",0,3
"dbo","_AccumRgAggDictch8023",0,3
"dbo","_AccumRgAggDictch8027",0,3
"dbo","_AccumRgAggDictdh8028",0,3
"dbo","_AccumRgAggGridK10169",0,47
"dbo","_AccumRgAggGridK3120",0,47
"dbo","_AccumRgAggGridK3144",0,47
"dbo","_AccumRgAggGridK3177",0,47
"dbo","_AccumRgAggGridK3199",0,47
"dbo","_AccumRgAggGridK3219",0,47
"dbo","_AccumRgAggGridK3260",0,47
"dbo","_AccumRgAggGridK3283",0,47
"dbo","_AccumRgAggGridK7445",0,47
"dbo","_AccumRgAggOptK7446",0,9
"dbo","_AccumRgBfK10180",0,12
"dbo","_AccumRgBfK3128",0,9
"dbo","_AccumRgBfK3156",0,14
"dbo","_AccumRgBfK3189",0,17
"dbo","_AccumRgBfK3204",0,7
"dbo","_AccumRgBfK3231",0,17
"dbo","_AccumRgBfK3274",0,22
"dbo","_AccumRgBfK3288",0,7
"dbo","_AccumRgBfK7453",0,9
"dbo","_AccumRgChngR10182",0,6
"dbo","_AccumRgChngR3096",0,6
"dbo","_AccumRgChngR3110",0,6
"dbo","_AccumRgChngR3143",0,5
"dbo","_AccumRgChngR3218",0,6
"dbo","_AccumRgChngR3259",0,6
"dbo","_AccumRgChngR3282",0,5
"dbo","_AccumRgChngR3298",0,6
"dbo","_AccumRgChngR8675",0,6
"dbo","_AccumRgChngR8676",0,6
"dbo","_AccumRgChngR8677",0,6
"dbo","_AccumRgChngR8678",0,6
"dbo","_AccumRgChngR8679",0,6
"dbo","_AccumRgChngR8680",0,5
"dbo","_AccumRgChngR8681",0,6
"dbo","_AccumRgChngR8682",0,6
"dbo","_AccumRgChngR8683",0,6
"dbo","_AccumRgChngR8684",0,6
"dbo","_AccumRgChngR8685",0,6
"dbo","_AccumRgChngR9355",0,6
"dbo","_AccumRgDlK10179",0,16
"dbo","_AccumRgDlK3127",0,11
"dbo","_AccumRgDlK3155",0,18
"dbo","_AccumRgDlK3188",0,23
"dbo","_AccumRgDlK3203",0,9
"dbo","_AccumRgDlK3230",0,21
"dbo","_AccumRgDlK3273",0,28
"dbo","_AccumRgDlK3287",0,7
"dbo","_AccumRgDlK7452",0,9
"dbo","_AccumRgSt10181",0,9
"dbo","_AccumRgSt3129",0,9
"dbo","_AccumRgSt3157",0,9
"dbo","_AccumRgSt3190",0,9
"dbo","_AccumRgSt3205",0,9
"dbo","_AccumRgSt3232",0,9
"dbo","_AccumRgSt3275",0,9
"dbo","_AccumRgSt3289",0,9
"dbo","_AccumRgSt7454",0,9
"dbo","_AccumRgT3085",0,8
"dbo","_AccumRgTn7444",0,9
"dbo","_Bots",0,8
"dbo","_BPr327",0,30
"dbo","_BPr327_VT4760",0,5
"dbo","_BPr331",0,25
"dbo","_BPrChngR8757",0,5
"dbo","_BPrChngR8758",0,5
"dbo","_BPrChngR8759",0,5
"dbo","_BPrChngR8760",0,5
"dbo","_BPrChngR8761",0,5
"dbo","_ChrcChngR3385",0,5
"dbo","_ChrcChngR3390",0,5
"dbo","_ChrcChngR7471",0,4
"dbo","_ChrcChngR8688",0,5
"dbo","_ChrcChngR8689",0,5
"dbo","_ChrcChngR8690",0,5
"dbo","_ChrcChngR8691",0,5
"dbo","_ChrcOpt",0,3
"dbo","_CKindsOpt",0,3
"dbo","_ConfigChngR",0,5
"dbo","_ConfigChngR_ExtProps",0,3
"dbo","_Const10122",0,3
"dbo","_ConstChngR10112",0,5
"dbo","_ConstChngR10115",0,5
"dbo","_ConstChngR10118",0,5
"dbo","_ConstChngR10121",0,5
"dbo","_ConstChngR10124",0,5
"dbo","_ConstChngR10127",0,5
"dbo","_ConstChngR10242",0,5
"dbo","_ConstChngR10245",0,5
"dbo","_ConstChngR10288",0,5
"dbo","_ConstChngR10372",0,5
"dbo","_ConstChngR10428",0,5
"dbo","_ConstChngR10431",0,5
"dbo","_ConstChngR1801",0,5
"dbo","_ConstChngR1824",0,4
"dbo","_ConstChngR1887",0,5
"dbo","_ConstChngR6378",0,4
"dbo","_ConstChngR6381",0,4
"dbo","_ConstChngR6384",0,4
"dbo","_ConstChngR6387",0,4
"dbo","_ConstChngR6390",0,5
"dbo","_ConstChngR6393",0,5
"dbo","_ConstChngR6396",0,4
"dbo","_ConstChngR6399",0,4
"dbo","_ConstChngR6402",0,4
"dbo","_ConstChngR6405",0,4
"dbo","_ConstChngR6406",0,4
"dbo","_ConstChngR6409",0,4
"dbo","_ConstChngR6412",0,5
"dbo","_ConstChngR6415",0,5
"dbo","_ConstChngR6416",0,4
"dbo","_ConstChngR6417",0,4
"dbo","_ConstChngR6418",0,4
"dbo","_ConstChngR6423",0,5
"dbo","_ConstChngR6424",0,4
"dbo","_ConstChngR6425",0,5
"dbo","_ConstChngR6426",0,5
"dbo","_ConstChngR6429",0,4
"dbo","_ConstChngR6430",0,5
"dbo","_ConstChngR6431",0,5
"dbo","_ConstChngR6432",0,4
"dbo","_ConstChngR6436",0,5
"dbo","_ConstChngR6439",0,5
"dbo","_ConstChngR6442",0,4
"dbo","_ConstChngR6443",0,4
"dbo","_ConstChngR6446",0,5
"dbo","_ConstChngR6451",0,5
"dbo","_ConstChngR6452",0,5
"dbo","_ConstChngR6453",0,4
"dbo","_ConstChngR6454",0,5
"dbo","_ConstChngR6457",0,4
"dbo","_ConstChngR6460",0,4
"dbo","_ConstChngR6461",0,4
"dbo","_ConstChngR6464",0,4
"dbo","_ConstChngR6467",0,5
"dbo","_ConstChngR6470",0,5
"dbo","_ConstChngR6473",0,5
"dbo","_ConstChngR6476",0,5
"dbo","_ConstChngR6479",0,5
"dbo","_ConstChngR6482",0,4
"dbo","_ConstChngR6485",0,4
"dbo","_ConstChngR6488",0,4
"dbo","_ConstChngR6491",0,4
"dbo","_ConstChngR6492",0,4
"dbo","_ConstChngR6497",0,5
"dbo","_ConstChngR6498",0,4
"dbo","_ConstChngR6501",0,5
"dbo","_ConstChngR6504",0,4
"dbo","_ConstChngR6507",0,4
"dbo","_ConstChngR6508",0,4
"dbo","_ConstChngR6511",0,4
"dbo","_ConstChngR6512",0,4
"dbo","_ConstChngR6513",0,4
"dbo","_ConstChngR6514",0,4
"dbo","_ConstChngR6517",0,5
"dbo","_ConstChngR6522",0,5
"dbo","_ConstChngR6525",0,5
"dbo","_ConstChngR6528",0,4
"dbo","_ConstChngR6531",0,5
"dbo","_ConstChngR6536",0,5
"dbo","_ConstChngR6537",0,4
"dbo","_ConstChngR6538",0,4
"dbo","_ConstChngR6539",0,4
"dbo","_ConstChngR6540",0,4
"dbo","_ConstChngR6543",0,4
"dbo","_ConstChngR6546",0,4
"dbo","_ConstChngR6547",0,4
"dbo","_ConstChngR6548",0,4
"dbo","_ConstChngR6551",0,4
"dbo","_ConstChngR6552",0,5
"dbo","_ConstChngR6555",0,4
"dbo","_ConstChngR6558",0,4
"dbo","_ConstChngR6561",0,4
"dbo","_ConstChngR6562",0,4
"dbo","_ConstChngR6563",0,4
"dbo","_ConstChngR6564",0,4
"dbo","_ConstChngR6567",0,4
"dbo","_ConstChngR6568",0,4
"dbo","_ConstChngR6569",0,4
"dbo","_ConstChngR6570",0,5
"dbo","_ConstChngR6573",0,4
"dbo","_ConstChngR6574",0,4
"dbo","_ConstChngR6575",0,4
"dbo","_ConstChngR6576",0,4
"dbo","_ConstChngR6579",0,5
"dbo","_ConstChngR6582",0,4
"dbo","_ConstChngR6585",0,4
"dbo","_ConstChngR6586",0,4
"dbo","_ConstChngR6593",0,5
"dbo","_ConstChngR6596",0,5
"dbo","_ConstChngR6599",0,4
"dbo","_ConstChngR6600",0,5
"dbo","_ConstChngR6601",0,5
"dbo","_ConstChngR6602",0,5
"dbo","_ConstChngR6607",0,4
"dbo","_ConstChngR6608",0,5
"dbo","_ConstChngR6613",0,5
"dbo","_ConstChngR6616",0,5
"dbo","_ConstChngR6617",0,4
"dbo","_ConstChngR6622",0,4
"dbo","_ConstChngR6625",0,5
"dbo","_ConstChngR6626",0,4
"dbo","_ConstChngR6627",0,4
"dbo","_ConstChngR6632",0,5
"dbo","_ConstChngR6635",0,5
"dbo","_ConstChngR6636",0,5
"dbo","_ConstChngR6637",0,5
"dbo","_ConstChngR6638",0,5
"dbo","_ConstChngR6641",0,4
"dbo","_ConstChngR6642",0,5
"dbo","_ConstChngR6645",0,4
"dbo","_ConstChngR6648",0,5
"dbo","_ConstChngR6649",0,4
"dbo","_ConstChngR6650",0,4
"dbo","_ConstChngR6653",0,4
"dbo","_ConstChngR6656",0,4
"dbo","_ConstChngR6659",0,5
"dbo","_ConstChngR6660",0,5
"dbo","_ConstChngR6661",0,5
"dbo","_ConstChngR6662",0,4
"dbo","_ConstChngR6663",0,4
"dbo","_ConstChngR6664",0,5
"dbo","_ConstChngR6669",0,4
"dbo","_ConstChngR6672",0,5
"dbo","_ConstChngR6673",0,4
"dbo","_ConstChngR6674",0,4
"dbo","_ConstChngR6675",0,4
"dbo","_ConstChngR6676",0,5
"dbo","_ConstChngR6677",0,4
"dbo","_ConstChngR6678",0,4
"dbo","_ConstChngR6679",0,5
"dbo","_ConstChngR6682",0,4
"dbo","_ConstChngR6683",0,5
"dbo","_ConstChngR6686",0,4
"dbo","_ConstChngR6689",0,5
"dbo","_ConstChngR6690",0,4
"dbo","_ConstChngR6691",0,5
"dbo","_ConstChngR6692",0,4
"dbo","_ConstChngR8377",0,5
"dbo","_ConstChngR8378",0,5
"dbo","_ConstChngR8379",0,5
"dbo","_ConstChngR8380",0,4
"dbo","_ConstChngR8381",0,5
"dbo","_ConstChngR8383",0,5
"dbo","_ConstChngR8384",0,5
"dbo","_ConstChngR8385",0,5
"dbo","_ConstChngR8386",0,5
"dbo","_ConstChngR8387",0,5
"dbo","_ConstChngR8388",0,5
"dbo","_ConstChngR8389",0,5
"dbo","_ConstChngR8390",0,5
"dbo","_ConstChngR8391",0,5
"dbo","_ConstChngR8392",0,5
"dbo","_ConstChngR8393",0,5
"dbo","_ConstChngR8394",0,5
"dbo","_ConstChngR8395",0,5
"dbo","_ConstChngR8396",0,5
"dbo","_ConstChngR8397",0,5
"dbo","_ConstChngR8398",0,5
"dbo","_ConstChngR8399",0,5
"dbo","_ConstChngR8402",0,5
"dbo","_ConstChngR8403",0,5
"dbo","_ConstChngR8404",0,5
"dbo","_ConstChngR8407",0,5
"dbo","_ConstChngR8408",0,5
"dbo","_ConstChngR8411",0,4
"dbo","_ConstChngR8412",0,5
"dbo","_ConstChngR8413",0,5
"dbo","_ConstChngR8416",0,5
"dbo","_ConstChngR8417",0,5
"dbo","_ConstChngR8419",0,5
"dbo","_ConstChngR8420",0,5
"dbo","_ConstChngR8421",0,5
"dbo","_ConstChngR8422",0,5
"dbo","_ConstChngR8423",0,4
"dbo","_ConstChngR8424",0,5
"dbo","_ConstChngR8425",0,5
"dbo","_ConstChngR8429",0,5
"dbo","_ConstChngR8430",0,5
"dbo","_ConstChngR8431",0,5
"dbo","_ConstChngR8432",0,5
"dbo","_ConstChngR8433",0,5
"dbo","_ConstChngR8434",0,5
"dbo","_ConstChngR8435",0,5
"dbo","_ConstChngR8436",0,5
"dbo","_ConstChngR8437",0,5
"dbo","_ConstChngR8440",0,4
"dbo","_ConstChngR8441",0,5
"dbo","_ConstChngR8442",0,5
"dbo","_ConstChngR8443",0,5
"dbo","_ConstChngR8444",0,5
"dbo","_ConstChngR8445",0,5
"dbo","_ConstChngR8446",0,5
"dbo","_ConstChngR8447",0,5
"dbo","_ConstChngR8448",0,5
"dbo","_ConstChngR8449",0,4
"dbo","_ConstChngR8450",0,5
"dbo","_ConstChngR8451",0,5
"dbo","_ConstChngR8452",0,4
"dbo","_ConstChngR8455",0,5
"dbo","_ConstChngR8456",0,4
"dbo","_ConstChngR8457",0,4
"dbo","_ConstChngR8458",0,5
"dbo","_ConstChngR8459",0,5
"dbo","_ConstChngR8460",0,5
"dbo","_ConstChngR8461",0,5
"dbo","_ConstChngR8462",0,5
"dbo","_ConstChngR8463",0,5
"dbo","_ConstChngR8464",0,5
"dbo","_ConstChngR8465",0,4
"dbo","_ConstChngR8468",0,5
"dbo","_ConstChngR8469",0,5
"dbo","_ConstChngR8470",0,5
"dbo","_ConstChngR8471",0,5
"dbo","_ConstChngR8472",0,5
"dbo","_ConstChngR8473",0,5
"dbo","_ConstChngR8474",0,5
"dbo","_ConstChngR8475",0,5
"dbo","_ConstChngR8477",0,5
"dbo","_ConstChngR8478",0,5
"dbo","_ConstChngR8479",0,5
"dbo","_ConstChngR8481",0,5
"dbo","_ConstChngR8482",0,5
"dbo","_ConstChngR8483",0,5
"dbo","_ConstChngR8484",0,5
"dbo","_ConstChngR8485",0,5
"dbo","_ConstChngR8486",0,5
"dbo","_ConstChngR8487",0,5
"dbo","_ConstChngR8488",0,5
"dbo","_ConstChngR8489",0,5
"dbo","_ConstChngR8490",0,5
"dbo","_ConstChngR8491",0,5
"dbo","_ConstChngR8492",0,5
"dbo","_ConstChngR8493",0,5
"dbo","_ConstChngR8494",0,5
"dbo","_ConstChngR8509",0,5
"dbo","_ConstChngR8510",0,5
"dbo","_ConstChngR8511",0,5
"dbo","_ConstChngR8512",0,5
"dbo","_ConstChngR8513",0,5
"dbo","_ConstChngR8909",0,5
"dbo","_ConstChngR9265",0,5
"dbo","_ConstChngR9268",0,5
"dbo","_ConstChngR9269",0,5
"dbo","_ConstChngR9272",0,5
"dbo","_ConstChngR9465",0,5
"dbo","_ConstChngR9603",0,5
"dbo","_ConstChngR9606",0,5
"dbo","_ConstChngR9609",0,4
"dbo","_ConstChngR9612",0,4
"dbo","_ConstChngR9615",0,5
"dbo","_ConstChngR9618",0,5
"dbo","_ConstChngR9619",0,5
"dbo","_ConstChngR9622",0,4
"dbo","_ConstChngR9625",0,5
"dbo","_ConstChngR9626",0,5
"dbo","_ConstChngR9629",0,4
"dbo","_ConstChngR9632",0,4
"dbo","_ConstChngR9635",0,5
"dbo","_ConstChngR9638",0,4
"dbo","_ConstChngR9641",0,4
"dbo","_ConstChngR9644",0,4
"dbo","_ConstChngR9647",0,4
"dbo","_ConstChngR9650",0,4
"dbo","_ConstChngR9653",0,4
"dbo","_ConstChngR9656",0,4
"dbo","_ConstChngR9659",0,5
"dbo","_ConstChngR9662",0,4
"dbo","_ConstChngR9665",0,5
"dbo","_ConstChngR9668",0,4
"dbo","_ConstChngR9671",0,5
"dbo","_DataHistoryAfterWriteQueue",0,5
"dbo","_DataHistoryLatestVersions",0,5
"dbo","_DataHistoryLatestVersions1",0,6
"dbo","_DataHistoryLatestVersions2",0,6
"dbo","_DataHistoryMetadata",0,8
"dbo","_DataHistoryQueue0",0,6
"dbo","_DataHistorySettings",0,3
"dbo","_DataHistoryVersions",0,14
"dbo","_DbCopies",0,11
"dbo","_DbCopiesInitialLast",0,6
"dbo","_DbCopiesSettings",0,4
"dbo","_DbCopiesTablesStates",0,4
"dbo","_DbCopiesTrChanges",0,4
"dbo","_DbCopiesTrChObj",0,2
"dbo","_DbCopiesTrLogs",0,4
"dbo","_DbCopiesTrTables",0,3
"dbo","_DbCopiesUpdates",0,3
"dbo","_Document10397",0,21
"dbo","_Document10397_VT10411",0,7
"dbo","_Document10397_VT10416",0,13
"dbo","_Document10397_VT10421",0,6
"dbo","_Document126_VT5903",0,5
"dbo","_Document127_VT360",0,6
"dbo","_Document127_VT378",0,10
"dbo","_Document127_VT386",0,19
"dbo","_Document129_VT435",0,7
"dbo","_Document130_VT445",0,9
"dbo","_Document130_VT449",0,9
"dbo","_Document130_VT470",0,7
"dbo","_Document130_VT475",0,12
"dbo","_Document130_VT483",0,7
"dbo","_Document130_VT501",0,9
"dbo","_Document130_VT534",0,12
"dbo","_Document130_VT7759",0,9
"dbo","_Document131_VT587",0,12
"dbo","_Document132",0,19
"dbo","_Document132_VT607",0,15
"dbo","_Document134_VT647",0,14
"dbo","_Document135_VT5388",0,11
"dbo","_Document135_VT671",0,6
"dbo","_Document135_VT675",0,9
"dbo","_Document135_VT680",0,9
"dbo","_Document135_VT685",0,9
"dbo","_Document137_VT751",0,9
"dbo","_Document137_VT7792",0,5
"dbo","_Document137_VT7795",0,6
"dbo","_Document137_VT8922",0,12
"dbo","_Document141_VT820",0,7
"dbo","_Document141_VT853",0,9
"dbo","_Document142",0,27
"dbo","_Document142_VT4940",0,7
"dbo","_Document144",0,21
"dbo","_Document146",0,16
"dbo","_Document146_VT932",0,17
"dbo","_Document149",0,14
"dbo","_Document149_VT981",0,9
"dbo","_Document151_VT1034",0,17
"dbo","_Document154_VT1171",0,18
"dbo","_Document155",0,21
"dbo","_Document155_VT10339",0,8
"dbo","_Document155_VT1203",0,17
"dbo","_Document156",0,20
"dbo","_Document156_VT1223",0,33
"dbo","_Document156_VT1248",0,8
"dbo","_Document156_VT1254",0,8
"dbo","_Document157",0,10
"dbo","_Document157_VT1263",0,21
"dbo","_Document161_VT1393",0,10
"dbo","_Document163_VT1508",0,5
"dbo","_Document163_VT1511",0,5
"dbo","_Document163_VT1514",0,12
"dbo","_Document164",0,38
"dbo","_Document164_VT1546",0,9
"dbo","_Document164_VT1551",0,9
"dbo","_Document164_VT1556",0,9
"dbo","_Document165_VT1585",0,9
"dbo","_Document165_VT1590",0,9
"dbo","_Document165_VT1600",0,9
"dbo","_Document5063",0,32
"dbo","_Document5063_VT5097",0,6
"dbo","_Document6136",0,16
"dbo","_Document6136_VT6191",0,24
"dbo","_Document6136_VT6207",0,25
"dbo","_Document6136_VT9493",0,22
"dbo","_Document6137",0,15
"dbo","_Document6137_VT6232",0,9
"dbo","_Document6137_VT6239",0,9
"dbo","_Document6137_VT6244",0,11
"dbo","_Document6137_VT6253",0,9
"dbo","_Document6138",0,15
"dbo","_Document6138_VT6266",0,13
"dbo","_Document6139",0,23
"dbo","_Document6139_VT6286",0,13
"dbo","_Document8894",0,20
"dbo","_DocumentChngR10425",0,5
"dbo","_DocumentChngR1050",0,5
"dbo","_DocumentChngR1190",0,5
"dbo","_DocumentChngR1354",0,5
"dbo","_DocumentChngR1442",0,5
"dbo","_DocumentChngR595",0,5
"dbo","_DocumentChngR6180",0,5
"dbo","_DocumentChngR6181",0,5
"dbo","_DocumentChngR621",0,5
"dbo","_DocumentChngR6271",0,5
"dbo","_DocumentChngR6272",0,5
"dbo","_DocumentChngR6291",0,5
"dbo","_DocumentChngR633",0,5
"dbo","_DocumentChngR659",0,5
"dbo","_DocumentChngR690",0,5
"dbo","_DocumentChngR758",0,5
"dbo","_DocumentChngR804",0,5
"dbo","_DocumentChngR811",0,5
"dbo","_DocumentChngR8350",0,5
"dbo","_DocumentChngR8351",0,5
"dbo","_DocumentChngR8352",0,5
"dbo","_DocumentChngR8353",0,5
"dbo","_DocumentChngR8354",0,5
"dbo","_DocumentChngR8355",0,5
"dbo","_DocumentChngR8356",0,5
"dbo","_DocumentChngR8357",0,5
"dbo","_DocumentChngR8358",0,5
"dbo","_DocumentChngR8359",0,5
"dbo","_DocumentChngR8360",0,5
"dbo","_DocumentChngR8361",0,5
"dbo","_DocumentChngR8362",0,5
"dbo","_DocumentChngR8363",0,5
"dbo","_DocumentChngR8364",0,5
"dbo","_DocumentChngR8365",0,5
"dbo","_DocumentChngR8366",0,5
"dbo","_DocumentChngR8367",0,5
"dbo","_DocumentChngR8368",0,5
"dbo","_DocumentChngR8369",0,5
"dbo","_DocumentChngR8370",0,5
"dbo","_DocumentChngR8371",0,5
"dbo","_DocumentChngR8372",0,5
"dbo","_DocumentChngR8373",0,5
"dbo","_DocumentChngR8374",0,5
"dbo","_DocumentChngR8375",0,5
"dbo","_DocumentChngR860",0,5
"dbo","_DocumentChngR8908",0,5
"dbo","_DocumentChngR923",0,5
"dbo","_DocumentChngR9264",0,5
"dbo","_DocumentChngR9560",0,5
"dbo","_DocumentChngR975",0,5
"dbo","_DocumentJournal6349",0,14
"dbo","_Ecs",0,4
"dbo","_Enum291",0,2
"dbo","_ErrorProcessingSettings",0,11
"dbo","_ExtensionsInfoNGS",0,12
"dbo","_ExtensionsRestruct",0,6
"dbo","_ExtensionsRestructNGS",0,6
"dbo","_ExtsChngR",0,6
"dbo","_ExtsChngR_ExtProps",0,3
"dbo","_InfoRg10067",0,5
"dbo","_InfoRg10075",0,4
"dbo","_InfoRg10132",0,7
"dbo","_InfoRg10289",0,13
"dbo","_InfoRg10301",0,3
"dbo","_InfoRg10306",0,5
"dbo","_InfoRg10373",0,5
"dbo","_InfoRg10447",0,9
"dbo","_InfoRg10458",0,5
"dbo","_InfoRg10465",0,3
"dbo","_InfoRg10469",0,8
"dbo","_InfoRg2067",0,5
"dbo","_InfoRg2075",0,8
"dbo","_InfoRg2096",0,6
"dbo","_InfoRg2099",0,5
"dbo","_InfoRg2106",0,4
"dbo","_InfoRg2119",0,5
"dbo","_InfoRg2146",0,11
"dbo","_InfoRg2156",0,7
"dbo","_InfoRg2225",0,8
"dbo","_InfoRg2234",0,9
"dbo","_InfoRg2238",0,5
"dbo","_InfoRg2242",0,28
"dbo","_InfoRg2265",0,8
"dbo","_InfoRg2273",0,14
"dbo","_InfoRg2287",0,11
"dbo","_InfoRg2297",0,12
"dbo","_InfoRg2313",0,4
"dbo","_InfoRg2318",0,5
"dbo","_InfoRg2322",0,2
"dbo","_InfoRg2325",0,3
"dbo","_InfoRg2329",0,2
"dbo","_InfoRg2383",0,35
"dbo","_InfoRg2397",0,5
"dbo","_InfoRg2404",0,9
"dbo","_InfoRg2417",0,4
"dbo","_InfoRg2422",0,6
"dbo","_InfoRg2427",0,8
"dbo","_InfoRg2442",0,10
"dbo","_InfoRg2446",0,2
"dbo","_InfoRg2450",0,9
"dbo","_InfoRg2464",0,10
"dbo","_InfoRg2472",0,36
"dbo","_InfoRg2501",0,12
"dbo","_InfoRg2512",0,6
"dbo","_InfoRg2517",0,14
"dbo","_InfoRg2536",0,3
"dbo","_InfoRg2540",0,5
"dbo","_InfoRg2545",0,5
"dbo","_InfoRg2548",0,7
"dbo","_InfoRg2554",0,3
"dbo","_InfoRg2558",0,3
"dbo","_InfoRg2562",0,6
"dbo","_InfoRg2574",0,21
"dbo","_InfoRg2590",0,53
"dbo","_InfoRg2604",0,6
"dbo","_InfoRg2612",0,7
"dbo","_InfoRg2617",0,6
"dbo","_InfoRg2624",0,7
"dbo","_InfoRg2644",0,11
"dbo","_InfoRg2653",0,10
"dbo","_InfoRg2659",0,2
"dbo","_InfoRg2664",0,5
"dbo","_InfoRg2676",0,3
"dbo","_InfoRg2680",0,23
"dbo","_InfoRg2704",0,5
"dbo","_InfoRg2710",0,3
"dbo","_InfoRg2714",0,4
"dbo","_InfoRg2718",0,5
"dbo","_InfoRg2736",0,10
"dbo","_InfoRg2744",0,8
"dbo","_InfoRg2751",0,4
"dbo","_InfoRg2757",0,8
"dbo","_InfoRg2766",0,9
"dbo","_InfoRg2775",0,8
"dbo","_InfoRg2780",0,9
"dbo","_InfoRg2785",0,24
"dbo","_InfoRg2796",0,2
"dbo","_InfoRg2827",0,4
"dbo","_InfoRg2831",0,6
"dbo","_InfoRg2853",0,3
"dbo","_InfoRg2858",0,4
"dbo","_InfoRg2862",0,12
"dbo","_InfoRg2873",0,7
"dbo","_InfoRg2883",0,5
"dbo","_InfoRg2899",0,8
"dbo","_InfoRg2905",0,5
"dbo","_InfoRg2910",0,6
"dbo","_InfoRg2935",0,18
"dbo","_InfoRg2969",0,3
"dbo","_InfoRg2976",0,8
"dbo","_InfoRg2996",0,4
"dbo","_InfoRg3012",0,4
"dbo","_InfoRg3042",0,16
"dbo","_InfoRg3055",0,7
"dbo","_InfoRg5197",0,2
"dbo","_InfoRg5207",0,4
"dbo","_InfoRg5875",0,11
"dbo","_InfoRg5890",0,9
"dbo","_InfoRg6048",0,17
"dbo","_InfoRg6693",0,4
"dbo","_InfoRg6699",0,5
"dbo","_InfoRg6722",0,4
"dbo","_InfoRg6727",0,21
"dbo","_InfoRg6751",0,4
"dbo","_InfoRg6756",0,7
"dbo","_InfoRg6772",0,26
"dbo","_InfoRg6799",0,5
"dbo","_InfoRg6809",0,2
"dbo","_InfoRg6813",0,5
"dbo","_InfoRg6818",0,4
"dbo","_InfoRg6826",0,6
"dbo","_InfoRg6840",0,8
"dbo","_InfoRg6845",0,3
"dbo","_InfoRg6850",0,3
"dbo","_InfoRg6854",0,3
"dbo","_InfoRg6859",0,5
"dbo","_InfoRg6864",0,5
"dbo","_InfoRg6867",0,6
"dbo","_InfoRg6902",0,3
"dbo","_InfoRg6906",0,22
"dbo","_InfoRg6927",0,13
"dbo","_InfoRg6956",0,7
"dbo","_InfoRg6966",0,6
"dbo","_InfoRg6972",0,9
"dbo","_InfoRg6982",0,34
"dbo","_InfoRg7015",0,4
"dbo","_InfoRg7021",0,10
"dbo","_InfoRg7043",0,5
"dbo","_InfoRg7052",0,4
"dbo","_InfoRg7055",0,3
"dbo","_InfoRg7059",0,3
"dbo","_InfoRg7063",0,2
"dbo","_InfoRg7066",0,4
"dbo","_InfoRg7076",0,3
"dbo","_InfoRg7080",0,3
"dbo","_InfoRg7084",0,8
"dbo","_InfoRg7091",0,5
"dbo","_InfoRg7102",0,8
"dbo","_InfoRg7108",0,4
"dbo","_InfoRg7114",0,5
"dbo","_InfoRg7118",0,6
"dbo","_InfoRg7130",0,9
"dbo","_InfoRg7143",0,8
"dbo","_InfoRg7152",0,3
"dbo","_InfoRg7180",0,7
"dbo","_InfoRg7190",0,6
"dbo","_InfoRg7199",0,10
"dbo","_InfoRg7207",0,3
"dbo","_InfoRg7215",0,8
"dbo","_InfoRg7223",0,10
"dbo","_InfoRg7230",0,5
"dbo","_InfoRg7238",0,6
"dbo","_InfoRg7246",0,5
"dbo","_InfoRg7254",0,8
"dbo","_InfoRg7264",0,4
"dbo","_InfoRg7294",0,4
"dbo","_InfoRg7308",0,18
"dbo","_InfoRg7319",0,8
"dbo","_InfoRg7327",0,3
"dbo","_InfoRg7335",0,14
"dbo","_InfoRg7346",0,12
"dbo","_InfoRg7399",0,9
"dbo","_InfoRg7411",0,15
"dbo","_InfoRg8566",0,7
"dbo","_InfoRg8609",0,4
"dbo","_InfoRg8613",0,6
"dbo","_InfoRg8632",0,6
"dbo","_InfoRg8654",0,6
"dbo","_InfoRg8672",0,3
"dbo","_InfoRg8910",0,5
"dbo","_InfoRg9113",0,6
"dbo","_InfoRg9119",0,8
"dbo","_InfoRg9129",0,5
"dbo","_InfoRg9135",0,7
"dbo","_InfoRg9273",0,3
"dbo","_InfoRg9277",0,14
"dbo","_InfoRg9290",0,12
"dbo","_InfoRg9321",0,18
"dbo","_InfoRg9467",0,7
"dbo","_InfoRg9672",0,4
"dbo","_InfoRg9677",0,3
"dbo","_InfoRg9682",0,18
"dbo","_InfoRg9702",0,9
"dbo","_InfoRg9713",0,17
"dbo","_InfoRg9773",0,11
"dbo","_InfoRg9794",0,9
"dbo","_InfoRg9804",0,5
"dbo","_InfoRg9811",0,6
"dbo","_InfoRg9818",0,4
"dbo","_InfoRg9823",0,4
"dbo","_InfoRg9828",0,3
"dbo","_InfoRg9832",0,24
"dbo","_InfoRg9855",0,21
"dbo","_InfoRg9875",0,5
"dbo","_InfoRg9879",0,14
"dbo","_InfoRg9894",0,23
"dbo","_InfoRg9916",0,6
"dbo","_InfoRg9923",0,2
"dbo","_InfoRg9926",0,11
"dbo","_InfoRg9942",0,4
"dbo","_InfoRgChngR10074",0,7
"dbo","_InfoRgChngR10080",0,6
"dbo","_InfoRgChngR10131",0,5
"dbo","_InfoRgChngR10140",0,7
"dbo","_InfoRgChngR10150",0,5
"dbo","_InfoRgChngR10155",0,5
"dbo","_InfoRgChngR10253",0,9
"dbo","_InfoRgChngR10300",0,16
"dbo","_InfoRgChngR10305",0,5
"dbo","_InfoRgChngR10311",0,7
"dbo","_InfoRgChngR10320",0,6
"dbo","_InfoRgChngR10378",0,6
"dbo","_InfoRgChngR10446",0,7
"dbo","_InfoRgChngR10457",0,7
"dbo","_InfoRgChngR10464",0,6
"dbo","_InfoRgChngR10468",0,5
"dbo","_InfoRgChngR10477",0,5
"dbo","_InfoRgChngR2066",0,13
"dbo","_InfoRgChngR2074",0,6
"dbo","_InfoRgChngR2111",0,5
"dbo","_InfoRgChngR2118",0,4
"dbo","_InfoRgChngR2138",0,11
"dbo","_InfoRgChngR2145",0,5
"dbo","_InfoRgChngR2155",0,13
"dbo","_InfoRgChngR2159",0,10
"dbo","_InfoRgChngR2169",0,11
"dbo","_InfoRgChngR2187",0,7
"dbo","_InfoRgChngR2202",0,9
"dbo","_InfoRgChngR2208",0,7
"dbo","_InfoRgChngR2218",0,5
"dbo","_InfoRgChngR2224",0,8
"dbo","_InfoRgChngR2264",0,3
"dbo","_InfoRgChngR2317",0,6
"dbo","_InfoRgChngR2321",0,7
"dbo","_InfoRgChngR2356",0,14
"dbo","_InfoRgChngR2382",0,6
"dbo","_InfoRgChngR2396",0,7
"dbo","_InfoRgChngR2411",0,10
"dbo","_InfoRgChngR2416",0,6
"dbo","_InfoRgChngR2435",0,6
"dbo","_InfoRgChngR2463",0,7
"dbo","_InfoRgChngR2500",0,6
"dbo","_InfoRgChngR2557",0,5
"dbo","_InfoRgChngR2566",0,9
"dbo","_InfoRgChngR2585",0,7
"dbo","_InfoRgChngR2611",0,4
"dbo","_InfoRgChngR2623",0,7
"dbo","_InfoRgChngR2663",0,4
"dbo","_InfoRgChngR2669",0,6
"dbo","_InfoRgChngR2675",0,7
"dbo","_InfoRgChngR2703",0,3
"dbo","_InfoRgChngR2709",0,7
"dbo","_InfoRgChngR2728",0,4
"dbo","_InfoRgChngR2750",0,11
"dbo","_InfoRgChngR2756",0,6
"dbo","_InfoRgChngR2795",0,15
"dbo","_InfoRgChngR2843",0,6
"dbo","_InfoRgChngR2857",0,3
"dbo","_InfoRgChngR2872",0,13
"dbo","_InfoRgChngR2877",0,7
"dbo","_InfoRgChngR2882",0,10
"dbo","_InfoRgChngR2891",0,5
"dbo","_InfoRgChngR2898",0,7
"dbo","_InfoRgChngR2909",0,7
"dbo","_InfoRgChngR2995",0,5
"dbo","_InfoRgChngR3011",0,8
"dbo","_InfoRgChngR3041",0,12
"dbo","_InfoRgChngR3079",0,9
"dbo","_InfoRgChngR6696",0,7
"dbo","_InfoRgChngR6697",0,8
"dbo","_InfoRgChngR6698",0,4
"dbo","_InfoRgChngR6721",0,4
"dbo","_InfoRgChngR6726",0,5
"dbo","_InfoRgChngR6746",0,8
"dbo","_InfoRgChngR6747",0,5
"dbo","_InfoRgChngR6755",0,5
"dbo","_InfoRgChngR6770",0,7
"dbo","_InfoRgChngR6771",0,6
"dbo","_InfoRgChngR6805",0,7
"dbo","_InfoRgChngR6806",0,4
"dbo","_InfoRgChngR6807",0,4
"dbo","_InfoRgChngR6808",0,5
"dbo","_InfoRgChngR6812",0,5
"dbo","_InfoRgChngR6825",0,6
"dbo","_InfoRgChngR6839",0,7
"dbo","_InfoRgChngR6848",0,5
"dbo","_InfoRgChngR6849",0,4
"dbo","_InfoRgChngR6853",0,5
"dbo","_InfoRgChngR6858",0,5
"dbo","_InfoRgChngR6863",0,5
"dbo","_InfoRgChngR6874",0,4
"dbo","_InfoRgChngR6875",0,5
"dbo","_InfoRgChngR6905",0,5
"dbo","_InfoRgChngR6926",0,4
"dbo","_InfoRgChngR6940",0,4
"dbo","_InfoRgChngR6946",0,7
"dbo","_InfoRgChngR6955",0,11
"dbo","_InfoRgChngR6962",0,7
"dbo","_InfoRgChngR6971",0,8
"dbo","_InfoRgChngR6978",0,7
"dbo","_InfoRgChngR6979",0,3
"dbo","_InfoRgChngR6980",0,8
"dbo","_InfoRgChngR6981",0,9
"dbo","_InfoRgChngR7012",0,7
"dbo","_InfoRgChngR7013",0,3
"dbo","_InfoRgChngR7014",0,7
"dbo","_InfoRgChngR7020",0,4
"dbo","_InfoRgChngR7031",0,5
"dbo","_InfoRgChngR7032",0,4
"dbo","_InfoRgChngR7033",0,7
"dbo","_InfoRgChngR7034",0,4
"dbo","_InfoRgChngR7035",0,6
"dbo","_InfoRgChngR7042",0,5
"dbo","_InfoRgChngR7050",0,7
"dbo","_InfoRgChngR7051",0,4
"dbo","_InfoRgChngR7054",0,7
"dbo","_InfoRgChngR7058",0,5
"dbo","_InfoRgChngR7062",0,5
"dbo","_InfoRgChngR7065",0,5
"dbo","_InfoRgChngR7070",0,6
"dbo","_InfoRgChngR7071",0,6
"dbo","_InfoRgChngR7075",0,4
"dbo","_InfoRgChngR7079",0,5
"dbo","_InfoRgChngR7083",0,6
"dbo","_InfoRgChngR7090",0,8
"dbo","_InfoRgChngR7099",0,8
"dbo","_InfoRgChngR7100",0,4
"dbo","_InfoRgChngR7101",0,5
"dbo","_InfoRgChngR7113",0,6
"dbo","_InfoRgChngR7117",0,7
"dbo","_InfoRgChngR7125",0,6
"dbo","_InfoRgChngR7140",0,8
"dbo","_InfoRgChngR7141",0,8
"dbo","_InfoRgChngR7142",0,9
"dbo","_InfoRgChngR7148",0,7
"dbo","_InfoRgChngR7149",0,7
"dbo","_InfoRgChngR7150",0,8
"dbo","_InfoRgChngR7151",0,4
"dbo","_InfoRgChngR7155",0,5
"dbo","_InfoRgChngR7179",0,7
"dbo","_InfoRgChngR7206",0,5
"dbo","_InfoRgChngR7213",0,5
"dbo","_InfoRgChngR7214",0,7
"dbo","_InfoRgChngR7221",0,8
"dbo","_InfoRgChngR7222",0,5
"dbo","_InfoRgChngR7229",0,6
"dbo","_InfoRgChngR7237",0,4
"dbo","_InfoRgChngR7252",0,6
"dbo","_InfoRgChngR7253",0,8
"dbo","_InfoRgChngR7262",0,5
"dbo","_InfoRgChngR7263",0,8
"dbo","_InfoRgChngR7293",0,9
"dbo","_InfoRgChngR7326",0,5
"dbo","_InfoRgChngR7330",0,5
"dbo","_InfoRgChngR7345",0,8
"dbo","_InfoRgChngR7360",0,5
"dbo","_InfoRgChngR7387",0,5
"dbo","_InfoRgChngR7424",0,8
"dbo","_InfoRgChngR8514",0,5
"dbo","_InfoRgChngR8515",0,8
"dbo","_InfoRgChngR8516",0,5
"dbo","_InfoRgChngR8517",0,5
"dbo","_InfoRgChngR8518",0,7
"dbo","_InfoRgChngR8519",0,8
"dbo","_InfoRgChngR8520",0,6
"dbo","_InfoRgChngR8521",0,9
"dbo","_InfoRgChngR8522",0,6
"dbo","_InfoRgChngR8535",0,5
"dbo","_InfoRgChngR8536",0,11
"dbo","_InfoRgChngR8537",0,7
"dbo","_InfoRgChngR8538",0,7
"dbo","_InfoRgChngR8539",0,7
"dbo","_InfoRgChngR8540",0,16
"dbo","_InfoRgChngR8542",0,10
"dbo","_InfoRgChngR8543",0,8
"dbo","_InfoRgChngR8544",0,5
"dbo","_InfoRgChngR8559",0,12
"dbo","_InfoRgChngR8560",0,12
"dbo","_InfoRgChngR8561",0,6
"dbo","_InfoRgChngR8562",0,8
"dbo","_InfoRgChngR8563",0,9
"dbo","_InfoRgChngR8564",0,10
"dbo","_InfoRgChngR8565",0,6
"dbo","_InfoRgChngR8575",0,10
"dbo","_InfoRgChngR8576",0,6
"dbo","_InfoRgChngR8577",0,8
"dbo","_InfoRgChngR8578",0,11
"dbo","_InfoRgChngR8579",0,8
"dbo","_InfoRgChngR8580",0,5
"dbo","_InfoRgChngR8581",0,6
"dbo","_InfoRgChngR8582",0,5
"dbo","_InfoRgChngR8583",0,6
"dbo","_InfoRgChngR8584",0,8
"dbo","_InfoRgChngR8586",0,7
"dbo","_InfoRgChngR8587",0,7
"dbo","_InfoRgChngR8588",0,6
"dbo","_InfoRgChngR8589",0,5
"dbo","_InfoRgChngR8590",0,7
"dbo","_InfoRgChngR8591",0,9
"dbo","_InfoRgChngR8592",0,7
"dbo","_InfoRgChngR8593",0,6
"dbo","_InfoRgChngR8594",0,9
"dbo","_InfoRgChngR8595",0,10
"dbo","_InfoRgChngR8596",0,7
"dbo","_InfoRgChngR8597",0,4
"dbo","_InfoRgChngR8598",0,10
"dbo","_InfoRgChngR8599",0,7
"dbo","_InfoRgChngR8600",0,7
"dbo","_InfoRgChngR8601",0,10
"dbo","_InfoRgChngR8602",0,6
"dbo","_InfoRgChngR8603",0,6
"dbo","_InfoRgChngR8604",0,7
"dbo","_InfoRgChngR8605",0,7
"dbo","_InfoRgChngR8606",0,9
"dbo","_InfoRgChngR8607",0,9
"dbo","_InfoRgChngR8608",0,6
"dbo","_InfoRgChngR8612",0,6
"dbo","_InfoRgChngR8619",0,4
"dbo","_InfoRgChngR8620",0,7
"dbo","_InfoRgChngR8621",0,6
"dbo","_InfoRgChngR8622",0,6
"dbo","_InfoRgChngR8623",0,9
"dbo","_InfoRgChngR8624",0,8
"dbo","_InfoRgChngR8625",0,6
"dbo","_InfoRgChngR8626",0,5
"dbo","_InfoRgChngR8627",0,5
"dbo","_InfoRgChngR8628",0,5
"dbo","_InfoRgChngR8629",0,5
"dbo","_InfoRgChngR8630",0,7
"dbo","_InfoRgChngR8631",0,7
"dbo","_InfoRgChngR8638",0,5
"dbo","_InfoRgChngR8639",0,6
"dbo","_InfoRgChngR8640",0,6
"dbo","_InfoRgChngR8641",0,6
"dbo","_InfoRgChngR8642",0,10
"dbo","_InfoRgChngR8643",0,6
"dbo","_InfoRgChngR8644",0,5
"dbo","_InfoRgChngR8645",0,6
"dbo","_InfoRgChngR8646",0,9
"dbo","_InfoRgChngR8649",0,6
"dbo","_InfoRgChngR8650",0,9
"dbo","_InfoRgChngR8651",0,6
"dbo","_InfoRgChngR8652",0,6
"dbo","_InfoRgChngR8653",0,6
"dbo","_InfoRgChngR8660",0,6
"dbo","_InfoRgChngR8661",0,8
"dbo","_InfoRgChngR8662",0,7
"dbo","_InfoRgChngR8663",0,6
"dbo","_InfoRgChngR8664",0,6
"dbo","_InfoRgChngR8665",0,8
"dbo","_InfoRgChngR8666",0,12
"dbo","_InfoRgChngR8667",0,7
"dbo","_InfoRgChngR8668",0,6
"dbo","_InfoRgChngR8669",0,9
"dbo","_InfoRgChngR8670",0,9
"dbo","_InfoRgChngR8671",0,5
"dbo","_InfoRgChngR8916",0,5
"dbo","_InfoRgChngR8917",0,6
"dbo","_InfoRgChngR9276",0,6
"dbo","_InfoRgChngR9288",0,8
"dbo","_InfoRgChngR9289",0,7
"dbo","_InfoRgChngR9296",0,6
"dbo","_InfoRgChngR9343",0,7
"dbo","_InfoRgChngR9344",0,6
"dbo","_InfoRgChngR9349",0,8
"dbo","_InfoRgChngR9466",0,6
"dbo","_InfoRgChngR9473",0,7
"dbo","_InfoRgChngR9486",0,5
"dbo","_InfoRgChngR9487",0,6
"dbo","_InfoRgChngR9489",0,5
"dbo","_InfoRgChngR9676",0,5
"dbo","_InfoRgChngR9681",0,4
"dbo","_InfoRgChngR9701",0,6
"dbo","_InfoRgChngR9712",0,5
"dbo","_InfoRgChngR9728",0,11
"dbo","_InfoRgChngR9761",0,5
"dbo","_InfoRgChngR9772",0,4
"dbo","_InfoRgChngR9786",0,5
"dbo","_InfoRgChngR9793",0,4
"dbo","_InfoRgChngR9803",0,5
"dbo","_InfoRgChngR9810",0,7
"dbo","_InfoRgChngR9817",0,6
"dbo","_InfoRgChngR9822",0,5
"dbo","_InfoRgChngR9827",0,6
"dbo","_InfoRgChngR9831",0,5
"dbo","_InfoRgChngR9854",0,5
"dbo","_InfoRgChngR9874",0,5
"dbo","_InfoRgChngR9878",0,7
"dbo","_InfoRgChngR9893",0,5
"dbo","_InfoRgChngR9915",0,5
"dbo","_InfoRgChngR9922",0,5
"dbo","_InfoRgChngR9925",0,5
"dbo","_InfoRgChngR9941",0,11
"dbo","_InfoRgChngR9946",0,6
"dbo","_InfoRgOpt10317",0,2
"dbo","_InfoRgOpt2964",0,2
"dbo","_InfoRgOpt7965",0,2
"dbo","_MobileClientDataExchange",0,5
"dbo","_Node21_VT1690",0,4
"dbo","_Node21_VT1694",0,4
"dbo","_Node21_VT1697",0,5
"dbo","_Node21_VT1701",0,4
"dbo","_ODataSettings",0,5
"dbo","_Reference10098",0,10
"dbo","_Reference10098_VT10105",0,6
"dbo","_Reference105_VT4490",0,12
"dbo","_Reference105_VT4510",0,6
"dbo","_Reference105_VT4520",0,7
"dbo","_Reference106",0,9
"dbo","_Reference106_VT4529",0,9
"dbo","_Reference109",0,12
"dbo","_Reference109_VT4961",0,7
"dbo","_Reference110",0,11
"dbo","_Reference112",0,11
"dbo","_Reference113",0,10
"dbo","_Reference115_VT4609",0,13
"dbo","_Reference115_VT4614",0,7
"dbo","_Reference117",0,23
"dbo","_Reference119",0,12
"dbo","_Reference120",0,22
"dbo","_Reference120_VT4661",0,8
"dbo","_Reference120_VT4667",0,8
"dbo","_Reference120_VT4673",0,8
"dbo","_Reference123",0,10
"dbo","_Reference27",0,25
"dbo","_Reference29_VT8058",0,5
"dbo","_Reference29_VT8061",0,7
"dbo","_Reference31_VT3478",0,14
"dbo","_Reference33_VT3506",0,9
"dbo","_Reference37_VT8076",0,6
"dbo","_Reference38_VT3554",0,8
"dbo","_Reference39",0,13
"dbo","_Reference40",0,9
"dbo","_Reference45",0,41
"dbo","_Reference45_VT10324",0,6
"dbo","_Reference45_VT3613",0,12
"dbo","_Reference45_VT8094",0,11
"dbo","_Reference45_VT8844",0,6
"dbo","_Reference45_VT9972",0,5
"dbo","_Reference46_VT3630",0,13
"dbo","_Reference47",0,36
"dbo","_Reference47_VT3665",0,7
"dbo","_Reference47_VT3670",0,8
"dbo","_Reference49_VT3695",0,5
"dbo","_Reference49_VT5467",0,6
"dbo","_Reference49_VT9982",0,13
"dbo","_Reference5057_VT5311",0,7
"dbo","_Reference5061_VT5353",0,5
"dbo","_Reference54",0,7
"dbo","_Reference5831_VT9190",0,5
"dbo","_Reference60_VT3784",0,6
"dbo","_Reference6041",0,12
"dbo","_Reference6042",0,9
"dbo","_Reference6111",0,9
"dbo","_Reference6114",0,12
"dbo","_Reference6115",0,26
"dbo","_Reference6115_VT7528",0,12
"dbo","_Reference6115_VT7538",0,7
"dbo","_Reference6116",0,10
"dbo","_Reference6116_VT7548",0,8
"dbo","_Reference6117",0,7
"dbo","_Reference6118",0,10
"dbo","_Reference6118_VT7559",0,4
"dbo","_Reference6119",0,15
"dbo","_Reference6120",0,19
"dbo","_Reference6122",0,9
"dbo","_Reference6123",0,13
"dbo","_Reference6123_VT7597",0,5
"dbo","_Reference6123_VT7601",0,5
"dbo","_Reference6124_VT7623",0,9
"dbo","_Reference6125",0,18
"dbo","_Reference6125_VT7643",0,9
"dbo","_Reference6125_VT7648",0,10
"dbo","_Reference6127",0,16
"dbo","_Reference6128_VT7703",0,10
"dbo","_Reference6128_VT7708",0,8
"dbo","_Reference6128_VT7712",0,8
"dbo","_Reference6129",0,12
"dbo","_Reference6130",0,27
"dbo","_Reference6130_VT10210",0,5
"dbo","_Reference6131",0,11
"dbo","_Reference6132",0,6
"dbo","_Reference6133",0,7
"dbo","_Reference64_VT3868",0,5
"dbo","_Reference65_VT8128",0,14
"dbo","_Reference65_VT8140",0,7
"dbo","_Reference66_VT3908",0,11
"dbo","_Reference66_VT3917",0,8
"dbo","_Reference67_VT3940",0,8
"dbo","_Reference68_VT3947",0,7
"dbo","_Reference68_VT8156",0,6
"dbo","_Reference71",0,34
"dbo","_Reference71_VT3984",0,10
"dbo","_Reference72_VT4105",0,6
"dbo","_Reference72_VT4109",0,12
"dbo","_Reference72_VT4118",0,5
"dbo","_Reference72_VT4127",0,7
"dbo","_Reference72_VT4132",0,5
"dbo","_Reference72_VT4135",0,5
"dbo","_Reference72_VT8869",0,7
"dbo","_Reference72_VT9991",0,5
"dbo","_Reference73_VT4158",0,12
"dbo","_Reference73_VT4175",0,8
"dbo","_Reference74",0,24
"dbo","_Reference75",0,23
"dbo","_Reference76",0,11
"dbo","_Reference77_VT4218",0,13
"dbo","_Reference78_VT4226",0,12
"dbo","_Reference79",0,13
"dbo","_Reference80_VT9205",0,5
"dbo","_Reference81",0,12
"dbo","_Reference84",0,13
"dbo","_Reference84_VT4278",0,5
"dbo","_Reference85",0,21
"dbo","_Reference85_VT4298",0,9
"dbo","_Reference85_VT4306",0,4
"dbo","_Reference85_VT4309",0,5
"dbo","_Reference86",0,7
"dbo","_Reference95_VT4387",0,8
"dbo","_Reference9536",0,9
"dbo","_Reference9537",0,15
"dbo","_Reference9538",0,14
"dbo","_Reference9539",0,20
"dbo","_Reference97",0,14
"dbo","_Reference98",0,13
"dbo","_Reference99_VT4438",0,12
"dbo","_Reference99_VT4955",0,8
"dbo","_ReferenceChngR10064",0,5
"dbo","_ReferenceChngR10109",0,5
"dbo","_ReferenceChngR10239",0,5
"dbo","_ReferenceChngR3398",0,5
"dbo","_ReferenceChngR3402",0,5
"dbo","_ReferenceChngR3437",0,5
"dbo","_ReferenceChngR3455",0,5
"dbo","_ReferenceChngR3490",0,5
"dbo","_ReferenceChngR3515",0,5
"dbo","_ReferenceChngR3516",0,5
"dbo","_ReferenceChngR3537",0,5
"dbo","_ReferenceChngR3594",0,5
"dbo","_ReferenceChngR3600",0,5
"dbo","_ReferenceChngR3617",0,5
"dbo","_ReferenceChngR3675",0,5
"dbo","_ReferenceChngR3701",0,5
"dbo","_ReferenceChngR3712",0,5
"dbo","_ReferenceChngR3736",0,5
"dbo","_ReferenceChngR3758",0,5
"dbo","_ReferenceChngR3788",0,5
"dbo","_ReferenceChngR3796",0,4
"dbo","_ReferenceChngR3800",0,5
"dbo","_ReferenceChngR3874",0,5
"dbo","_ReferenceChngR3923",0,5
"dbo","_ReferenceChngR3951",0,5
"dbo","_ReferenceChngR4138",0,5
"dbo","_ReferenceChngR4180",0,5
"dbo","_ReferenceChngR4224",0,5
"dbo","_ReferenceChngR4230",0,5
"dbo","_ReferenceChngR4269",0,5
"dbo","_ReferenceChngR4317",0,5
"dbo","_ReferenceChngR4325",0,5
"dbo","_ReferenceChngR4332",0,5
"dbo","_ReferenceChngR4339",0,5
"dbo","_ReferenceChngR4354",0,5
"dbo","_ReferenceChngR4397",0,5
"dbo","_ReferenceChngR4399",0,5
"dbo","_ReferenceChngR4407",0,5
"dbo","_ReferenceChngR4415",0,4
"dbo","_ReferenceChngR4462",0,5
"dbo","_ReferenceChngR4479",0,5
"dbo","_ReferenceChngR4525",0,5
"dbo","_ReferenceChngR4535",0,4
"dbo","_ReferenceChngR4551",0,4
"dbo","_ReferenceChngR4553",0,5
"dbo","_ReferenceChngR4586",0,5
"dbo","_ReferenceChngR4619",0,5
"dbo","_ReferenceChngR4689",0,5
"dbo","_ReferenceChngR4692",0,5
"dbo","_ReferenceChngR4706",0,5
"dbo","_ReferenceChngR7478",0,5
"dbo","_ReferenceChngR7481",0,5
"dbo","_ReferenceChngR7482",0,4
"dbo","_ReferenceChngR7483",0,5
"dbo","_ReferenceChngR7500",0,4
"dbo","_ReferenceChngR7507",0,5
"dbo","_ReferenceChngR7543",0,5
"dbo","_ReferenceChngR7544",0,5
"dbo","_ReferenceChngR7562",0,4
"dbo","_ReferenceChngR7572",0,4
"dbo","_ReferenceChngR7573",0,5
"dbo","_ReferenceChngR7574",0,4
"dbo","_ReferenceChngR7575",0,5
"dbo","_ReferenceChngR7579",0,5
"dbo","_ReferenceChngR7582",0,4
"dbo","_ReferenceChngR7586",0,5
"dbo","_ReferenceChngR7587",0,4
"dbo","_ReferenceChngR7588",0,4
"dbo","_ReferenceChngR7605",0,4
"dbo","_ReferenceChngR7606",0,4
"dbo","_ReferenceChngR7631",0,4
"dbo","_ReferenceChngR7656",0,5
"dbo","_ReferenceChngR7663",0,5
"dbo","_ReferenceChngR7668",0,5
"dbo","_ReferenceChngR7717",0,5
"dbo","_ReferenceChngR7741",0,5
"dbo","_ReferenceChngR7742",0,5
"dbo","_ReferenceChngR7747",0,4
"dbo","_ReferenceChngR7748",0,4
"dbo","_ReferenceChngR7749",0,5
"dbo","_ReferenceChngR7750",0,5
"dbo","_ReferenceChngR7751",0,4
"dbo","_ReferenceChngR7756",0,5
"dbo","_ReferenceChngR8692",0,5
"dbo","_ReferenceChngR8693",0,5
"dbo","_ReferenceChngR8694",0,5
"dbo","_ReferenceChngR8695",0,5
"dbo","_ReferenceChngR8696",0,5
"dbo","_ReferenceChngR8697",0,5
"dbo","_ReferenceChngR8698",0,5
"dbo","_ReferenceChngR8699",0,5
"dbo","_ReferenceChngR8700",0,5
"dbo","_ReferenceChngR8701",0,5
"dbo","_ReferenceChngR8702",0,5
"dbo","_ReferenceChngR8703",0,5
"dbo","_ReferenceChngR8704",0,5
"dbo","_ReferenceChngR8705",0,5
"dbo","_ReferenceChngR8706",0,5
"dbo","_ReferenceChngR8707",0,5
"dbo","_ReferenceChngR8708",0,5
"dbo","_ReferenceChngR8709",0,5
"dbo","_ReferenceChngR8710",0,5
"dbo","_ReferenceChngR8711",0,5
"dbo","_ReferenceChngR8712",0,5
"dbo","_ReferenceChngR8713",0,5
"dbo","_ReferenceChngR8714",0,5
"dbo","_ReferenceChngR8715",0,5
"dbo","_ReferenceChngR8716",0,5
"dbo","_ReferenceChngR8717",0,5
"dbo","_ReferenceChngR8718",0,5
"dbo","_ReferenceChngR8719",0,5
"dbo","_ReferenceChngR8720",0,5
"dbo","_ReferenceChngR8721",0,5
"dbo","_ReferenceChngR8722",0,5
"dbo","_ReferenceChngR8723",0,5
"dbo","_ReferenceChngR8724",0,5
"dbo","_ReferenceChngR8725",0,5
"dbo","_ReferenceChngR8726",0,5
"dbo","_ReferenceChngR8727",0,5
"dbo","_ReferenceChngR8728",0,5
"dbo","_ReferenceChngR8729",0,5
"dbo","_ReferenceChngR8730",0,5
"dbo","_ReferenceChngR8731",0,5
"dbo","_ReferenceChngR8732",0,5
"dbo","_ReferenceChngR8733",0,5
"dbo","_ReferenceChngR8734",0,5
"dbo","_ReferenceChngR8735",0,5
"dbo","_ReferenceChngR8736",0,5
"dbo","_ReferenceChngR8737",0,5
"dbo","_ReferenceChngR8738",0,5
"dbo","_ReferenceChngR8739",0,5
"dbo","_ReferenceChngR8740",0,5
"dbo","_ReferenceChngR8741",0,5
"dbo","_ReferenceChngR8742",0,5
"dbo","_ReferenceChngR8743",0,5
"dbo","_ReferenceChngR8744",0,5
"dbo","_ReferenceChngR8745",0,5
"dbo","_ReferenceChngR8746",0,5
"dbo","_ReferenceChngR8747",0,5
"dbo","_ReferenceChngR8750",0,5
"dbo","_ReferenceChngR8751",0,5
"dbo","_ReferenceChngR8752",0,5
"dbo","_ReferenceChngR8753",0,5
"dbo","_ReferenceChngR8754",0,5
"dbo","_ReferenceChngR9363",0,5
"dbo","_ReferenceChngR9401",0,5
"dbo","_ReferenceChngR9490",0,5
"dbo","_ReferenceChngR9492",0,5
"dbo","_ReferenceChngR9565",0,4
"dbo","_ReferenceChngR9575",0,4
"dbo","_ReferenceChngR9583",0,5
"dbo","_ReferenceChngR9600",0,4
"dbo","_RefOpt",0,3
"dbo","_RepSettings",0,11
"dbo","_RepVarSettings",0,11
"dbo","_ScheduledJobs10227",0,17
"dbo","_ScheduledJobs4906",0,16
"dbo","_ScheduledJobs7862",0,16
"dbo","_ScheduledJobs7863",0,16
"dbo","_ScheduledJobs7865",0,16
"dbo","_ScheduledJobs7874",0,16
"dbo","_ScheduledJobs7875",0,16
"dbo","_ScheduledJobs7876",0,18
"dbo","_ScheduledJobs7880",0,16
"dbo","_ScheduledJobs9955",0,16
"dbo","_ScheduledJobs9956",0,16
"dbo","_SeqChngR8686",0,6
"dbo","_SeqChngR8687",0,6
"dbo","_STTGrammar",0,4
"dbo","_STTGrammarChecksum",0,4
"dbo","_STTModels",0,12
"dbo","_STTModelsDesc",0,4
"dbo","_STTModelsDesc_Acoustic",0,4
"dbo","_STTModelsDesc_Descr",0,4
"dbo","_STTModelsDesc_LangModel",0,4
"dbo","_STTSettings",0,4
"dbo","_TaskChngR4867",0,5
"dbo","_TaskChngR8762",0,5
"dbo","_URLExternalData",0,11
"dbo","ConfigCASSave",0,7
"dbo","ConfigSave",0,7
"dbo","DepotFiles",0,7
"dbo","V8USERPWDPLCS",0,2
"dbo","V8USERSMATKEYS",0,4
